
 ⛅️ wrangler 4.129.0 (update available 4.131.1)
───────────────────────────────────────────────
Successfully created tail, expires at 2026-09-14T13:06:11Z
Connected to kinu-devbox-bench-b20260914070552-snapshot-chain, waiting for logs...
SnapshotChainBox.devboxState - Ok @ 9/14/2026, 2:06:14 AM
SnapshotChainBox.kickStartup - Ok @ 9/14/2026, 2:06:14 AM
SnapshotChainBox.destroyContainerForBench - Ok @ 9/14/2026, 2:06:13 AM
  (log) {
  level: 'info',
  message: 'Using rpc transport',
  component: 'sandbox-do',
  sandboxId: '067c024ccbae4993d0793c436f1bb0aec6ca2e7aeacce959c56c9ac6920201ff',
  traceId: 'tr_55dcae37328a4d0b',
  timestamp: '2026-09-14T07:06:14.210Z'
}
  (log) {
  level: 'info',
  message: 'sandbox.destroy success 0 mounts (0ms)',
  component: 'sandbox-do',
  sandboxId: '067c024ccbae4993d0793c436f1bb0aec6ca2e7aeacce959c56c9ac6920201ff',
  traceId: 'tr_55dcae37328a4d0b',
  event: 'sandbox.destroy',
  outcome: 'success',
  durationMs: 0,
  mountsProcessed: 0,
  mountFailures: 0,
  timestamp: '2026-09-14T07:06:14.302Z'
}
POST https://kinu-devbox-bench-b20260914070552-snapshot-chain.ashishkmr472.workers.dev/destroy?box=ab-snapshot-chain-b20260914070552 - Ok @ 9/14/2026, 2:06:13 AM
GET https://kinu-devbox-bench-b20260914070552-snapshot-chain.ashishkmr472.workers.dev/state?box=ab-snapshot-chain-b20260914070552&strategy=snapshot-chain - Ok @ 9/14/2026, 2:06:14 AM
POST https://kinu-devbox-bench-b20260914070552-snapshot-chain.ashishkmr472.workers.dev/create?box=ab-snapshot-chain-b20260914070552 - Ok @ 9/14/2026, 2:06:14 AM
GET https://kinu-devbox-bench-b20260914070552-snapshot-chain.ashishkmr472.workers.dev/state?box=ab-snapshot-chain-b20260914070552&strategy=snapshot-chain - Ok @ 9/14/2026, 2:06:14 AM
SnapshotChainBox.devboxState - Ok @ 9/14/2026, 2:06:14 AM
GET https://kinu-devbox-bench-b20260914070552-snapshot-chain.ashishkmr472.workers.dev/state?box=ab-snapshot-chain-b20260914070552&strategy=snapshot-chain - Ok @ 9/14/2026, 2:06:14 AM
SnapshotChainBox.devboxState - Ok @ 9/14/2026, 2:06:14 AM
GET https://kinu-devbox-bench-b20260914070552-snapshot-chain.ashishkmr472.workers.dev/state?box=ab-snapshot-chain-b20260914070552&strategy=snapshot-chain - Ok @ 9/14/2026, 2:06:15 AM
SnapshotChainBox.devboxState - Ok @ 9/14/2026, 2:06:15 AM
GET https://kinu-devbox-bench-b20260914070552-snapshot-chain.ashishkmr472.workers.dev/state?box=ab-snapshot-chain-b20260914070552&strategy=snapshot-chain - Ok @ 9/14/2026, 2:06:15 AM
SnapshotChainBox.devboxState - Ok @ 9/14/2026, 2:06:15 AM
  (log) {
  level: 'info',
  message: 'sandbox.exec success printf %s 893a8853-0a9e-416f-9b10-db7cc624be9d > /tmp/devbox-boot-id (57ms)',
  component: 'sandbox-do',
  sandboxId: '067c024ccbae4993d0793c436f1bb0aec6ca2e7aeacce959c56c9ac6920201ff',
  traceId: 'tr_55dcae37328a4d0b',
  event: 'sandbox.exec',
  outcome: 'success',
  command: 'printf %s 893a8853-0a9e-416f-9b10-db7cc624be9d > /tmp/devbox-boot-id',
  exitCode: 0,
  durationMs: 57,
  sessionId: 'sandbox-default',
  origin: 'user',
  timestamp: '2026-09-14T07:06:15.744Z'
}
  (log) {
  level: 'info',
  message: "sandbox.exec success mkdir -p '/var/tmp/devbox' (89ms)",
  component: 'sandbox-do',
  sandboxId: '067c024ccbae4993d0793c436f1bb0aec6ca2e7aeacce959c56c9ac6920201ff',
  traceId: 'tr_55dcae37328a4d0b',
  event: 'sandbox.exec',
  outcome: 'success',
  command: "mkdir -p '/var/tmp/devbox'",
  exitCode: 0,
  durationMs: 89,
  sessionId: 'sandbox-default',
  origin: 'user',
  timestamp: '2026-09-14T07:06:15.833Z'
}
  (log) {
  level: 'info',
  message: 'sandbox.exec success cat /proc/mounts (12ms)',
  component: 'sandbox-do',
  sandboxId: '067c024ccbae4993d0793c436f1bb0aec6ca2e7aeacce959c56c9ac6920201ff',
  traceId: 'tr_55dcae37328a4d0b',
  event: 'sandbox.exec',
  outcome: 'success',
  command: 'cat /proc/mounts',
  exitCode: 0,
  durationMs: 12,
  sessionId: 'sandbox-default',
  origin: 'user',
  timestamp: '2026-09-14T07:06:15.845Z'
}
  (log) {
  level: 'info',
  message: "sandbox.exec success rm -rf '/var/tmp/devbox/lower-empty' '/var/tmp/devbox/upper' '/var/tmp/devbox/work' && mkdir -p '/var/tmp/devbox/lowe... (13ms)",
  component: 'sandbox-do',
  sandboxId: '067c024ccbae4993d0793c436f1bb0aec6ca2e7aeacce959c56c9ac6920201ff',
  traceId: 'tr_55dcae37328a4d0b',
  event: 'sandbox.exec',
  outcome: 'success',
  command: "rm -rf '/var/tmp/devbox/lower-empty' '/var/tmp/devbox/upper' '/var/tmp/devbox/work' && mkdir -p '/var/tmp/devbox/lowe...",
  exitCode: 0,
  durationMs: 13,
  sessionId: 'sandbox-default',
  origin: 'user',
  commandTruncated: true,
  timestamp: '2026-09-14T07:06:15.858Z'
}
  (log) {
  level: 'info',
  message: "sandbox.exec success mkdir -p '/var/tmp/devbox/upper' '/var/tmp/devbox/work' && /usr/bin/fuse-overlayfs -o lowerdir='/var/tmp/devbox/lower... (57ms)",
  component: 'sandbox-do',
  sandboxId: '067c024ccbae4993d0793c436f1bb0aec6ca2e7aeacce959c56c9ac6920201ff',
  traceId: 'tr_55dcae37328a4d0b',
  event: 'sandbox.exec',
  outcome: 'success',
  command: "mkdir -p '/var/tmp/devbox/upper' '/var/tmp/devbox/work' && /usr/bin/fuse-overlayfs -o lowerdir='/var/tmp/devbox/lower...",
  exitCode: 0,
  durationMs: 57,
  sessionId: 'sandbox-default',
  origin: 'user',
  commandTruncated: true,
  timestamp: '2026-09-14T07:06:15.915Z'
}
  (log) {
  level: 'info',
  message: 'sandbox.exec success cat /proc/mounts (12ms)',
  component: 'sandbox-do',
  sandboxId: '067c024ccbae4993d0793c436f1bb0aec6ca2e7aeacce959c56c9ac6920201ff',
  traceId: 'tr_55dcae37328a4d0b',
  event: 'sandbox.exec',
  outcome: 'success',
  command: 'cat /proc/mounts',
  exitCode: 0,
  durationMs: 12,
  sessionId: 'sandbox-default',
  origin: 'user',
  timestamp: '2026-09-14T07:06:15.927Z'
}
GET https://kinu-devbox-bench-b20260914070552-snapshot-chain.ashishkmr472.workers.dev/state?box=ab-snapshot-chain-b20260914070552&strategy=snapshot-chain - Ok @ 9/14/2026, 2:06:15 AM
SnapshotChainBox.exec - Ok @ 9/14/2026, 2:06:14 AM
  (log) {"event":"devbox.readiness.enter","at":1789369574465,"generation":0,"running":false,"phase":"unstarted"}
  (log) {"event":"devbox.startup.flight.open","at":1789369574465,"generation":0,"running":false,"phase":"unstarted"}
  (log) {"event":"devbox.startup.admit.enter","at":1789369574465,"generation":0,"running":false}
POST https://kinu-devbox-bench-b20260914070552-snapshot-chain.ashishkmr472.workers.dev/exec?box=ab-snapshot-chain-b20260914070552 - Ok @ 9/14/2026, 2:06:14 AM
SnapshotChainBox.devboxState - Ok @ 9/14/2026, 2:06:15 AM
  (log) {
  level: 'info',
  message: "sandbox.exec success test -e '/var/tmp/devbox/upper' && echo yes || echo no (10ms)",
  component: 'sandbox-do',
  sandboxId: '067c024ccbae4993d0793c436f1bb0aec6ca2e7aeacce959c56c9ac6920201ff',
  traceId: 'tr_55dcae37328a4d0b',
  event: 'sandbox.exec',
  outcome: 'success',
  command: "test -e '/var/tmp/devbox/upper' && echo yes || echo no",
  exitCode: 0,
  durationMs: 10,
  sessionId: 'sandbox-default',
  origin: 'user',
  timestamp: '2026-09-14T07:06:15.937Z'
}
  (log) [devbox] attach empty: no chain recorded; an empty overlay is attached
  (log) {
  level: 'info',
  message: 'sandbox.exec success cat /tmp/devbox-boot-id 2>/dev/null || true (45ms)',
  component: 'sandbox-do',
  sandboxId: '067c024ccbae4993d0793c436f1bb0aec6ca2e7aeacce959c56c9ac6920201ff',
  traceId: 'tr_55dcae37328a4d0b',
  event: 'sandbox.exec',
  outcome: 'success',
  command: 'cat /tmp/devbox-boot-id 2>/dev/null || true',
  exitCode: 0,
  durationMs: 45,
  sessionId: 'sandbox-default',
  origin: 'user',
  timestamp: '2026-09-14T07:06:15.982Z'
}
  (log) {"event":"devbox.startup.hook.exit","at":1789369576017,"generation":0,"ms":455,"settled":true,"phase":"attached"}
  (log) {"event":"devbox.startup.admit.exit","at":1789369576017,"generation":0,"ms":1552,"admitted":true,"owned":true}
  (log) {"event":"devbox.startup.flight.exit","at":1789369576017,"generation":0,"ms":1552,"settled":true,"phase":"attached"}
  (log) {"event":"devbox.startup.callback.exit","at":1789369576017,"generation":0,"ms":552,"phase":"attached"}
  (log) {
  level: 'info',
  message: 'sandbox.exec success true (90ms)',
  component: 'sandbox-do',
  sandboxId: '067c024ccbae4993d0793c436f1bb0aec6ca2e7aeacce959c56c9ac6920201ff',
  traceId: 'tr_55dcae37328a4d0b',
  event: 'sandbox.exec',
  outcome: 'success',
  command: 'true',
  exitCode: 0,
  durationMs: 90,
  sessionId: 'sandbox-default',
  origin: 'user',
  timestamp: '2026-09-14T07:06:16.107Z'
}
GET https://kinu-devbox-bench-b20260914070552-snapshot-chain.ashishkmr472.workers.dev/state?box=ab-snapshot-chain-b20260914070552&strategy=snapshot-chain - Ok @ 9/14/2026, 2:06:16 AM
SnapshotChainBox.devboxState - Ok @ 9/14/2026, 2:06:16 AM
POST https://kinu-devbox-bench-b20260914070552-snapshot-chain.ashishkmr472.workers.dev/exec?box=ab-snapshot-chain-b20260914070552 - Ok @ 9/14/2026, 2:06:16 AM
SnapshotChainBox.exec - Ok @ 9/14/2026, 2:06:16 AM
  (log) {"event":"devbox.readiness.enter","at":1789369576272,"generation":0,"running":true,"phase":"attached"}
  (log) {
  level: 'info',
  message: 'sandbox.exec success mkdir -p /tmp/devbox-first-exec-witness (15ms)',
  component: 'sandbox-do',
  sandboxId: '067c024ccbae4993d0793c436f1bb0aec6ca2e7aeacce959c56c9ac6920201ff',
  traceId: 'tr_55dcae37328a4d0b',
  event: 'sandbox.exec',
  outcome: 'success',
  command: 'mkdir -p /tmp/devbox-first-exec-witness',
  exitCode: 0,
  durationMs: 15,
  sessionId: 'sandbox-default',
  origin: 'user',
  timestamp: '2026-09-14T07:06:16.287Z'
}
GET https://kinu-devbox-bench-b20260914070552-snapshot-chain.ashishkmr472.workers.dev/incidents?box=ab-snapshot-chain-b20260914070552&strategy=snapshot-chain - Ok @ 9/14/2026, 2:06:16 AM
SnapshotChainBox.devboxIncidentReasons - Ok @ 9/14/2026, 2:06:16 AM
GET https://kinu-devbox-bench-b20260914070552-snapshot-chain.ashishkmr472.workers.dev/state?box=ab-snapshot-chain-b20260914070552&strategy=snapshot-chain - Ok @ 9/14/2026, 2:06:16 AM
SnapshotChainBox.devboxState - Ok @ 9/14/2026, 2:06:16 AM
Alarm @ 9/14/2026, 2:06:15 AM - Ok
  (log) {"event":"devbox.alarm.enter","at":1789369575465,"running":true,"retry":false}
  (log) {"event":"devbox.startup.callback.enter","at":1789369575465,"generation":0,"running":true,"phase":"unstarted"}
  (log) {"event":"devbox.startup.flight.join","at":1789369575465,"generation":0,"sinceMs":1000}
  (log) {"event":"devbox.startup.hook.enter","at":1789369575562,"generation":0,"phase":"unstarted"}
Alarm @ 9/14/2026, 2:06:16 AM - Ok
  (log) {"event":"devbox.alarm.enter","at":1789369576503,"running":false,"retry":false}
  (log) {"event":"devbox.alarm.exit","at":1789369576534,"ms":31,"running":false}
  (log) {
  level: 'info',
  message: 'sandbox.destroy success 0 mounts (130ms)',
  component: 'sandbox-do',
  sandboxId: '067c024ccbae4993d0793c436f1bb0aec6ca2e7aeacce959c56c9ac6920201ff',
  traceId: 'tr_55dcae37328a4d0b',
  event: 'sandbox.destroy',
  outcome: 'success',
  durationMs: 130,
  mountsProcessed: 0,
  mountFailures: 0,
  timestamp: '2026-09-14T07:06:16.560Z'
}
SnapshotChainBox.destroyContainerForBench - Ok @ 9/14/2026, 2:06:16 AM
  (log) {"event":"devbox.alarm.exit","at":1789369576435,"ms":970,"running":false}
POST https://kinu-devbox-bench-b20260914070552-snapshot-chain.ashishkmr472.workers.dev/destroy?box=ab-snapshot-chain-b20260914070552 - Ok @ 9/14/2026, 2:06:16 AM
POST https://kinu-devbox-bench-b20260914070552-snapshot-chain.ashishkmr472.workers.dev/create?box=ab-snapshot-chain-b20260914070552 - Ok @ 9/14/2026, 2:06:16 AM
SnapshotChainBox.kickStartup - Ok @ 9/14/2026, 2:06:16 AM
GET https://kinu-devbox-bench-b20260914070552-snapshot-chain.ashishkmr472.workers.dev/state?box=ab-snapshot-chain-b20260914070552&strategy=snapshot-chain - Ok @ 9/14/2026, 2:06:16 AM
SnapshotChainBox.devboxState - Ok @ 9/14/2026, 2:06:16 AM
Alarm @ 9/14/2026, 2:06:16 AM - Canceled
GET https://kinu-devbox-bench-b20260914070552-snapshot-chain.ashishkmr472.workers.dev/state?box=ab-snapshot-chain-b20260914070552&strategy=snapshot-chain - Ok @ 9/14/2026, 2:06:16 AM
SnapshotChainBox.devboxState - Ok @ 9/14/2026, 2:06:16 AM
GET https://kinu-devbox-bench-b20260914070552-snapshot-chain.ashishkmr472.workers.dev/state?box=ab-snapshot-chain-b20260914070552&strategy=snapshot-chain - Ok @ 9/14/2026, 2:06:17 AM
SnapshotChainBox.devboxState - Ok @ 9/14/2026, 2:06:17 AM
GET https://kinu-devbox-bench-b20260914070552-snapshot-chain.ashishkmr472.workers.dev/state?box=ab-snapshot-chain-b20260914070552&strategy=snapshot-chain - Ok @ 9/14/2026, 2:06:17 AM
SnapshotChainBox.devboxState - Ok @ 9/14/2026, 2:06:17 AM
GET https://kinu-devbox-bench-b20260914070552-snapshot-chain.ashishkmr472.workers.dev/state?box=ab-snapshot-chain-b20260914070552&strategy=snapshot-chain - Ok @ 9/14/2026, 2:06:17 AM
SnapshotChainBox.devboxState - Ok @ 9/14/2026, 2:06:17 AM
GET https://kinu-devbox-bench-b20260914070552-snapshot-chain.ashishkmr472.workers.dev/state?box=ab-snapshot-chain-b20260914070552&strategy=snapshot-chain - Ok @ 9/14/2026, 2:06:18 AM
SnapshotChainBox.devboxState - Ok @ 9/14/2026, 2:06:18 AM
GET https://kinu-devbox-bench-b20260914070552-snapshot-chain.ashishkmr472.workers.dev/state?box=ab-snapshot-chain-b20260914070552&strategy=snapshot-chain - Ok @ 9/14/2026, 2:06:18 AM
SnapshotChainBox.devboxState - Ok @ 9/14/2026, 2:06:18 AM
GET https://kinu-devbox-bench-b20260914070552-snapshot-chain.ashishkmr472.workers.dev/state?box=ab-snapshot-chain-b20260914070552&strategy=snapshot-chain - Ok @ 9/14/2026, 2:06:18 AM
SnapshotChainBox.devboxState - Ok @ 9/14/2026, 2:06:18 AM
GET https://kinu-devbox-bench-b20260914070552-snapshot-chain.ashishkmr472.workers.dev/state?box=ab-snapshot-chain-b20260914070552&strategy=snapshot-chain - Ok @ 9/14/2026, 2:06:18 AM
SnapshotChainBox.devboxState - Ok @ 9/14/2026, 2:06:18 AM
GET https://kinu-devbox-bench-b20260914070552-snapshot-chain.ashishkmr472.workers.dev/state?box=ab-snapshot-chain-b20260914070552&strategy=snapshot-chain - Ok @ 9/14/2026, 2:06:19 AM
SnapshotChainBox.devboxState - Ok @ 9/14/2026, 2:06:19 AM
GET https://kinu-devbox-bench-b20260914070552-snapshot-chain.ashishkmr472.workers.dev/state?box=ab-snapshot-chain-b20260914070552&strategy=snapshot-chain - Ok @ 9/14/2026, 2:06:19 AM
SnapshotChainBox.devboxState - Ok @ 9/14/2026, 2:06:19 AM
GET https://kinu-devbox-bench-b20260914070552-snapshot-chain.ashishkmr472.workers.dev/state?box=ab-snapshot-chain-b20260914070552&strategy=snapshot-chain - Ok @ 9/14/2026, 2:06:19 AM
SnapshotChainBox.devboxState - Ok @ 9/14/2026, 2:06:19 AM
GET https://kinu-devbox-bench-b20260914070552-snapshot-chain.ashishkmr472.workers.dev/state?box=ab-snapshot-chain-b20260914070552&strategy=snapshot-chain - Ok @ 9/14/2026, 2:06:20 AM
SnapshotChainBox.devboxState - Ok @ 9/14/2026, 2:06:20 AM
GET https://kinu-devbox-bench-b20260914070552-snapshot-chain.ashishkmr472.workers.dev/state?box=ab-snapshot-chain-b20260914070552&strategy=snapshot-chain - Ok @ 9/14/2026, 2:06:20 AM
SnapshotChainBox.devboxState - Ok @ 9/14/2026, 2:06:20 AM
GET https://kinu-devbox-bench-b20260914070552-snapshot-chain.ashishkmr472.workers.dev/state?box=ab-snapshot-chain-b20260914070552&strategy=snapshot-chain - Ok @ 9/14/2026, 2:06:20 AM
SnapshotChainBox.devboxState - Ok @ 9/14/2026, 2:06:20 AM
GET https://kinu-devbox-bench-b20260914070552-snapshot-chain.ashishkmr472.workers.dev/state?box=ab-snapshot-chain-b20260914070552&strategy=snapshot-chain - Ok @ 9/14/2026, 2:06:20 AM
SnapshotChainBox.devboxState - Ok @ 9/14/2026, 2:06:21 AM
GET https://kinu-devbox-bench-b20260914070552-snapshot-chain.ashishkmr472.workers.dev/state?box=ab-snapshot-chain-b20260914070552&strategy=snapshot-chain - Ok @ 9/14/2026, 2:06:21 AM
SnapshotChainBox.devboxState - Ok @ 9/14/2026, 2:06:21 AM
GET https://kinu-devbox-bench-b20260914070552-snapshot-chain.ashishkmr472.workers.dev/state?box=ab-snapshot-chain-b20260914070552&strategy=snapshot-chain - Ok @ 9/14/2026, 2:06:21 AM
SnapshotChainBox.devboxState - Ok @ 9/14/2026, 2:06:21 AM
GET https://kinu-devbox-bench-b20260914070552-snapshot-chain.ashishkmr472.workers.dev/state?box=ab-snapshot-chain-b20260914070552&strategy=snapshot-chain - Ok @ 9/14/2026, 2:06:21 AM
SnapshotChainBox.devboxState - Ok @ 9/14/2026, 2:06:21 AM
GET https://kinu-devbox-bench-b20260914070552-snapshot-chain.ashishkmr472.workers.dev/state?box=ab-snapshot-chain-b20260914070552&strategy=snapshot-chain - Ok @ 9/14/2026, 2:06:22 AM
SnapshotChainBox.devboxState - Ok @ 9/14/2026, 2:06:22 AM
GET https://kinu-devbox-bench-b20260914070552-snapshot-chain.ashishkmr472.workers.dev/state?box=ab-snapshot-chain-b20260914070552&strategy=snapshot-chain - Ok @ 9/14/2026, 2:06:22 AM
SnapshotChainBox.devboxState - Ok @ 9/14/2026, 2:06:22 AM
  (log) {"event":"devbox.startup.admit.exit","at":1789369582666,"generation":1,"ms":6000,"admitted":false,"owned":true,"running":true,"reason":"Container request aborted.: The container is not listening in the TCP address 10.0.0.1:3000"}
SnapshotChainBox.exec - Ok @ 9/14/2026, 2:06:16 AM
  (log) {"event":"devbox.readiness.enter","at":1789369576666,"generation":0,"running":false,"phase":"attached"}
  (log) {"event":"devbox.startup.flight.open","at":1789369576666,"generation":1,"running":false,"phase":"unstarted"}
  (log) {"event":"devbox.startup.admit.enter","at":1789369576666,"generation":1,"running":false}
GET https://kinu-devbox-bench-b20260914070552-snapshot-chain.ashishkmr472.workers.dev/state?box=ab-snapshot-chain-b20260914070552&strategy=snapshot-chain - Ok @ 9/14/2026, 2:06:22 AM
POST https://kinu-devbox-bench-b20260914070552-snapshot-chain.ashishkmr472.workers.dev/exec?box=ab-snapshot-chain-b20260914070552 - Ok @ 9/14/2026, 2:06:16 AM
SnapshotChainBox.devboxState - Ok @ 9/14/2026, 2:06:22 AM
  (log) {"event":"devbox.startup.flight.exit","at":1789369582732,"generation":1,"ms":6066,"settled":true,"phase":"unstarted"}
GET https://kinu-devbox-bench-b20260914070552-snapshot-chain.ashishkmr472.workers.dev/state?box=ab-snapshot-chain-b20260914070552&strategy=snapshot-chain - Ok @ 9/14/2026, 2:06:23 AM
SnapshotChainBox.devboxState - Ok @ 9/14/2026, 2:06:23 AM
GET https://kinu-devbox-bench-b20260914070552-snapshot-chain.ashishkmr472.workers.dev/state?box=ab-snapshot-chain-b20260914070552&strategy=snapshot-chain - Ok @ 9/14/2026, 2:06:23 AM
SnapshotChainBox.devboxState - Ok @ 9/14/2026, 2:06:23 AM
GET https://kinu-devbox-bench-b20260914070552-snapshot-chain.ashishkmr472.workers.dev/state?box=ab-snapshot-chain-b20260914070552&strategy=snapshot-chain - Ok @ 9/14/2026, 2:06:23 AM
SnapshotChainBox.devboxState - Ok @ 9/14/2026, 2:06:23 AM
GET https://kinu-devbox-bench-b20260914070552-snapshot-chain.ashishkmr472.workers.dev/state?box=ab-snapshot-chain-b20260914070552&strategy=snapshot-chain - Ok @ 9/14/2026, 2:06:24 AM
SnapshotChainBox.devboxState - Ok @ 9/14/2026, 2:06:24 AM
GET https://kinu-devbox-bench-b20260914070552-snapshot-chain.ashishkmr472.workers.dev/state?box=ab-snapshot-chain-b20260914070552&strategy=snapshot-chain - Ok @ 9/14/2026, 2:06:24 AM
SnapshotChainBox.devboxState - Ok @ 9/14/2026, 2:06:24 AM
GET https://kinu-devbox-bench-b20260914070552-snapshot-chain.ashishkmr472.workers.dev/state?box=ab-snapshot-chain-b20260914070552&strategy=snapshot-chain - Ok @ 9/14/2026, 2:06:24 AM
SnapshotChainBox.devboxState - Ok @ 9/14/2026, 2:06:24 AM
GET https://kinu-devbox-bench-b20260914070552-snapshot-chain.ashishkmr472.workers.dev/state?box=ab-snapshot-chain-b20260914070552&strategy=snapshot-chain - Ok @ 9/14/2026, 2:06:25 AM
SnapshotChainBox.devboxState - Ok @ 9/14/2026, 2:06:25 AM
GET https://kinu-devbox-bench-b20260914070552-snapshot-chain.ashishkmr472.workers.dev/state?box=ab-snapshot-chain-b20260914070552&strategy=snapshot-chain - Ok @ 9/14/2026, 2:06:25 AM
SnapshotChainBox.devboxState - Ok @ 9/14/2026, 2:06:25 AM
GET https://kinu-devbox-bench-b20260914070552-snapshot-chain.ashishkmr472.workers.dev/state?box=ab-snapshot-chain-b20260914070552&strategy=snapshot-chain - Ok @ 9/14/2026, 2:06:25 AM
SnapshotChainBox.devboxState - Ok @ 9/14/2026, 2:06:25 AM
GET https://kinu-devbox-bench-b20260914070552-snapshot-chain.ashishkmr472.workers.dev/state?box=ab-snapshot-chain-b20260914070552&strategy=snapshot-chain - Ok @ 9/14/2026, 2:06:26 AM
SnapshotChainBox.devboxState - Ok @ 9/14/2026, 2:06:26 AM
GET https://kinu-devbox-bench-b20260914070552-snapshot-chain.ashishkmr472.workers.dev/state?box=ab-snapshot-chain-b20260914070552&strategy=snapshot-chain - Ok @ 9/14/2026, 2:06:26 AM
SnapshotChainBox.devboxState - Ok @ 9/14/2026, 2:06:26 AM
GET https://kinu-devbox-bench-b20260914070552-snapshot-chain.ashishkmr472.workers.dev/state?box=ab-snapshot-chain-b20260914070552&strategy=snapshot-chain - Ok @ 9/14/2026, 2:06:26 AM
SnapshotChainBox.devboxState - Ok @ 9/14/2026, 2:06:26 AM
GET https://kinu-devbox-bench-b20260914070552-snapshot-chain.ashishkmr472.workers.dev/state?box=ab-snapshot-chain-b20260914070552&strategy=snapshot-chain - Ok @ 9/14/2026, 2:06:26 AM
SnapshotChainBox.devboxState - Ok @ 9/14/2026, 2:06:26 AM
GET https://kinu-devbox-bench-b20260914070552-snapshot-chain.ashishkmr472.workers.dev/state?box=ab-snapshot-chain-b20260914070552&strategy=snapshot-chain - Ok @ 9/14/2026, 2:06:27 AM
SnapshotChainBox.devboxState - Ok @ 9/14/2026, 2:06:27 AM
GET https://kinu-devbox-bench-b20260914070552-snapshot-chain.ashishkmr472.workers.dev/state?box=ab-snapshot-chain-b20260914070552&strategy=snapshot-chain - Ok @ 9/14/2026, 2:06:27 AM
SnapshotChainBox.devboxState - Ok @ 9/14/2026, 2:06:27 AM
GET https://kinu-devbox-bench-b20260914070552-snapshot-chain.ashishkmr472.workers.dev/state?box=ab-snapshot-chain-b20260914070552&strategy=snapshot-chain - Ok @ 9/14/2026, 2:06:27 AM
SnapshotChainBox.devboxState - Ok @ 9/14/2026, 2:06:27 AM
GET https://kinu-devbox-bench-b20260914070552-snapshot-chain.ashishkmr472.workers.dev/state?box=ab-snapshot-chain-b20260914070552&strategy=snapshot-chain - Ok @ 9/14/2026, 2:06:28 AM
SnapshotChainBox.devboxState - Ok @ 9/14/2026, 2:06:28 AM
GET https://kinu-devbox-bench-b20260914070552-snapshot-chain.ashishkmr472.workers.dev/state?box=ab-snapshot-chain-b20260914070552&strategy=snapshot-chain - Ok @ 9/14/2026, 2:06:28 AM
SnapshotChainBox.devboxState - Ok @ 9/14/2026, 2:06:28 AM
GET https://kinu-devbox-bench-b20260914070552-snapshot-chain.ashishkmr472.workers.dev/state?box=ab-snapshot-chain-b20260914070552&strategy=snapshot-chain - Ok @ 9/14/2026, 2:06:28 AM
SnapshotChainBox.devboxState - Ok @ 9/14/2026, 2:06:28 AM
GET https://kinu-devbox-bench-b20260914070552-snapshot-chain.ashishkmr472.workers.dev/state?box=ab-snapshot-chain-b20260914070552&strategy=snapshot-chain - Ok @ 9/14/2026, 2:06:29 AM
SnapshotChainBox.devboxState - Ok @ 9/14/2026, 2:06:29 AM
GET https://kinu-devbox-bench-b20260914070552-snapshot-chain.ashishkmr472.workers.dev/state?box=ab-snapshot-chain-b20260914070552&strategy=snapshot-chain - Ok @ 9/14/2026, 2:06:29 AM
SnapshotChainBox.devboxState - Ok @ 9/14/2026, 2:06:29 AM
GET https://kinu-devbox-bench-b20260914070552-snapshot-chain.ashishkmr472.workers.dev/state?box=ab-snapshot-chain-b20260914070552&strategy=snapshot-chain - Ok @ 9/14/2026, 2:06:29 AM
SnapshotChainBox.devboxState - Ok @ 9/14/2026, 2:06:29 AM
GET https://kinu-devbox-bench-b20260914070552-snapshot-chain.ashishkmr472.workers.dev/state?box=ab-snapshot-chain-b20260914070552&strategy=snapshot-chain - Ok @ 9/14/2026, 2:06:30 AM
SnapshotChainBox.devboxState - Ok @ 9/14/2026, 2:06:30 AM
GET https://kinu-devbox-bench-b20260914070552-snapshot-chain.ashishkmr472.workers.dev/state?box=ab-snapshot-chain-b20260914070552&strategy=snapshot-chain - Ok @ 9/14/2026, 2:06:30 AM
SnapshotChainBox.devboxState - Ok @ 9/14/2026, 2:06:30 AM
GET https://kinu-devbox-bench-b20260914070552-snapshot-chain.ashishkmr472.workers.dev/state?box=ab-snapshot-chain-b20260914070552&strategy=snapshot-chain - Ok @ 9/14/2026, 2:06:30 AM
SnapshotChainBox.devboxState - Ok @ 9/14/2026, 2:06:30 AM
GET https://kinu-devbox-bench-b20260914070552-snapshot-chain.ashishkmr472.workers.dev/state?box=ab-snapshot-chain-b20260914070552&strategy=snapshot-chain - Ok @ 9/14/2026, 2:06:31 AM
SnapshotChainBox.devboxState - Ok @ 9/14/2026, 2:06:31 AM
GET https://kinu-devbox-bench-b20260914070552-snapshot-chain.ashishkmr472.workers.dev/state?box=ab-snapshot-chain-b20260914070552&strategy=snapshot-chain - Ok @ 9/14/2026, 2:06:31 AM
SnapshotChainBox.devboxState - Ok @ 9/14/2026, 2:06:31 AM
GET https://kinu-devbox-bench-b20260914070552-snapshot-chain.ashishkmr472.workers.dev/state?box=ab-snapshot-chain-b20260914070552&strategy=snapshot-chain - Ok @ 9/14/2026, 2:06:31 AM
SnapshotChainBox.devboxState - Ok @ 9/14/2026, 2:06:31 AM
GET https://kinu-devbox-bench-b20260914070552-snapshot-chain.ashishkmr472.workers.dev/state?box=ab-snapshot-chain-b20260914070552&strategy=snapshot-chain - Ok @ 9/14/2026, 2:06:32 AM
SnapshotChainBox.devboxState - Ok @ 9/14/2026, 2:06:32 AM
GET https://kinu-devbox-bench-b20260914070552-snapshot-chain.ashishkmr472.workers.dev/state?box=ab-snapshot-chain-b20260914070552&strategy=snapshot-chain - Ok @ 9/14/2026, 2:06:32 AM
SnapshotChainBox.devboxState - Ok @ 9/14/2026, 2:06:32 AM
GET https://kinu-devbox-bench-b20260914070552-snapshot-chain.ashishkmr472.workers.dev/state?box=ab-snapshot-chain-b20260914070552&strategy=snapshot-chain - Ok @ 9/14/2026, 2:06:32 AM
SnapshotChainBox.devboxState - Ok @ 9/14/2026, 2:06:32 AM
GET https://kinu-devbox-bench-b20260914070552-snapshot-chain.ashishkmr472.workers.dev/state?box=ab-snapshot-chain-b20260914070552&strategy=snapshot-chain - Ok @ 9/14/2026, 2:06:32 AM
SnapshotChainBox.devboxState - Ok @ 9/14/2026, 2:06:32 AM
GET https://kinu-devbox-bench-b20260914070552-snapshot-chain.ashishkmr472.workers.dev/state?box=ab-snapshot-chain-b20260914070552&strategy=snapshot-chain - Ok @ 9/14/2026, 2:06:33 AM
SnapshotChainBox.devboxState - Ok @ 9/14/2026, 2:06:33 AM
GET https://kinu-devbox-bench-b20260914070552-snapshot-chain.ashishkmr472.workers.dev/state?box=ab-snapshot-chain-b20260914070552&strategy=snapshot-chain - Ok @ 9/14/2026, 2:06:33 AM
SnapshotChainBox.devboxState - Ok @ 9/14/2026, 2:06:33 AM
GET https://kinu-devbox-bench-b20260914070552-snapshot-chain.ashishkmr472.workers.dev/state?box=ab-snapshot-chain-b20260914070552&strategy=snapshot-chain - Ok @ 9/14/2026, 2:06:33 AM
SnapshotChainBox.devboxState - Ok @ 9/14/2026, 2:06:33 AM
GET https://kinu-devbox-bench-b20260914070552-snapshot-chain.ashishkmr472.workers.dev/state?box=ab-snapshot-chain-b20260914070552&strategy=snapshot-chain - Ok @ 9/14/2026, 2:06:34 AM
SnapshotChainBox.devboxState - Ok @ 9/14/2026, 2:06:34 AM
GET https://kinu-devbox-bench-b20260914070552-snapshot-chain.ashishkmr472.workers.dev/state?box=ab-snapshot-chain-b20260914070552&strategy=snapshot-chain - Ok @ 9/14/2026, 2:06:34 AM
SnapshotChainBox.devboxState - Ok @ 9/14/2026, 2:06:34 AM
GET https://kinu-devbox-bench-b20260914070552-snapshot-chain.ashishkmr472.workers.dev/state?box=ab-snapshot-chain-b20260914070552&strategy=snapshot-chain - Ok @ 9/14/2026, 2:06:34 AM
SnapshotChainBox.devboxState - Ok @ 9/14/2026, 2:06:34 AM
GET https://kinu-devbox-bench-b20260914070552-snapshot-chain.ashishkmr472.workers.dev/state?box=ab-snapshot-chain-b20260914070552&strategy=snapshot-chain - Ok @ 9/14/2026, 2:06:35 AM
SnapshotChainBox.devboxState - Ok @ 9/14/2026, 2:06:35 AM
GET https://kinu-devbox-bench-b20260914070552-snapshot-chain.ashishkmr472.workers.dev/state?box=ab-snapshot-chain-b20260914070552&strategy=snapshot-chain - Ok @ 9/14/2026, 2:06:35 AM
SnapshotChainBox.devboxState - Ok @ 9/14/2026, 2:06:35 AM
GET https://kinu-devbox-bench-b20260914070552-snapshot-chain.ashishkmr472.workers.dev/state?box=ab-snapshot-chain-b20260914070552&strategy=snapshot-chain - Ok @ 9/14/2026, 2:06:35 AM
SnapshotChainBox.devboxState - Ok @ 9/14/2026, 2:06:35 AM
GET https://kinu-devbox-bench-b20260914070552-snapshot-chain.ashishkmr472.workers.dev/state?box=ab-snapshot-chain-b20260914070552&strategy=snapshot-chain - Ok @ 9/14/2026, 2:06:36 AM
SnapshotChainBox.devboxState - Ok @ 9/14/2026, 2:06:36 AM
GET https://kinu-devbox-bench-b20260914070552-snapshot-chain.ashishkmr472.workers.dev/state?box=ab-snapshot-chain-b20260914070552&strategy=snapshot-chain - Ok @ 9/14/2026, 2:06:36 AM
SnapshotChainBox.devboxState - Ok @ 9/14/2026, 2:06:36 AM
GET https://kinu-devbox-bench-b20260914070552-snapshot-chain.ashishkmr472.workers.dev/state?box=ab-snapshot-chain-b20260914070552&strategy=snapshot-chain - Ok @ 9/14/2026, 2:06:36 AM
SnapshotChainBox.devboxState - Ok @ 9/14/2026, 2:06:36 AM
GET https://kinu-devbox-bench-b20260914070552-snapshot-chain.ashishkmr472.workers.dev/state?box=ab-snapshot-chain-b20260914070552&strategy=snapshot-chain - Ok @ 9/14/2026, 2:06:37 AM
SnapshotChainBox.devboxState - Ok @ 9/14/2026, 2:06:37 AM
GET https://kinu-devbox-bench-b20260914070552-snapshot-chain.ashishkmr472.workers.dev/state?box=ab-snapshot-chain-b20260914070552&strategy=snapshot-chain - Ok @ 9/14/2026, 2:06:37 AM
SnapshotChainBox.devboxState - Ok @ 9/14/2026, 2:06:37 AM
GET https://kinu-devbox-bench-b20260914070552-snapshot-chain.ashishkmr472.workers.dev/state?box=ab-snapshot-chain-b20260914070552&strategy=snapshot-chain - Ok @ 9/14/2026, 2:06:37 AM
SnapshotChainBox.devboxState - Ok @ 9/14/2026, 2:06:37 AM
GET https://kinu-devbox-bench-b20260914070552-snapshot-chain.ashishkmr472.workers.dev/state?box=ab-snapshot-chain-b20260914070552&strategy=snapshot-chain - Ok @ 9/14/2026, 2:06:38 AM
SnapshotChainBox.devboxState - Ok @ 9/14/2026, 2:06:38 AM
GET https://kinu-devbox-bench-b20260914070552-snapshot-chain.ashishkmr472.workers.dev/state?box=ab-snapshot-chain-b20260914070552&strategy=snapshot-chain - Ok @ 9/14/2026, 2:06:38 AM
SnapshotChainBox.devboxState - Ok @ 9/14/2026, 2:06:38 AM
GET https://kinu-devbox-bench-b20260914070552-snapshot-chain.ashishkmr472.workers.dev/state?box=ab-snapshot-chain-b20260914070552&strategy=snapshot-chain - Ok @ 9/14/2026, 2:06:38 AM
SnapshotChainBox.devboxState - Ok @ 9/14/2026, 2:06:38 AM
GET https://kinu-devbox-bench-b20260914070552-snapshot-chain.ashishkmr472.workers.dev/state?box=ab-snapshot-chain-b20260914070552&strategy=snapshot-chain - Ok @ 9/14/2026, 2:06:39 AM
SnapshotChainBox.devboxState - Ok @ 9/14/2026, 2:06:39 AM
GET https://kinu-devbox-bench-b20260914070552-snapshot-chain.ashishkmr472.workers.dev/state?box=ab-snapshot-chain-b20260914070552&strategy=snapshot-chain - Ok @ 9/14/2026, 2:06:39 AM
SnapshotChainBox.devboxState - Ok @ 9/14/2026, 2:06:39 AM
GET https://kinu-devbox-bench-b20260914070552-snapshot-chain.ashishkmr472.workers.dev/state?box=ab-snapshot-chain-b20260914070552&strategy=snapshot-chain - Ok @ 9/14/2026, 2:06:39 AM
SnapshotChainBox.devboxState - Ok @ 9/14/2026, 2:06:39 AM
GET https://kinu-devbox-bench-b20260914070552-snapshot-chain.ashishkmr472.workers.dev/state?box=ab-snapshot-chain-b20260914070552&strategy=snapshot-chain - Ok @ 9/14/2026, 2:06:39 AM
SnapshotChainBox.devboxState - Ok @ 9/14/2026, 2:06:39 AM
GET https://kinu-devbox-bench-b20260914070552-snapshot-chain.ashishkmr472.workers.dev/state?box=ab-snapshot-chain-b20260914070552&strategy=snapshot-chain - Ok @ 9/14/2026, 2:06:40 AM
SnapshotChainBox.devboxState - Ok @ 9/14/2026, 2:06:40 AM
GET https://kinu-devbox-bench-b20260914070552-snapshot-chain.ashishkmr472.workers.dev/state?box=ab-snapshot-chain-b20260914070552&strategy=snapshot-chain - Ok @ 9/14/2026, 2:06:40 AM
SnapshotChainBox.devboxState - Ok @ 9/14/2026, 2:06:40 AM
GET https://kinu-devbox-bench-b20260914070552-snapshot-chain.ashishkmr472.workers.dev/state?box=ab-snapshot-chain-b20260914070552&strategy=snapshot-chain - Ok @ 9/14/2026, 2:06:40 AM
SnapshotChainBox.devboxState - Ok @ 9/14/2026, 2:06:40 AM
GET https://kinu-devbox-bench-b20260914070552-snapshot-chain.ashishkmr472.workers.dev/state?box=ab-snapshot-chain-b20260914070552&strategy=snapshot-chain - Ok @ 9/14/2026, 2:06:41 AM
SnapshotChainBox.devboxState - Ok @ 9/14/2026, 2:06:41 AM
GET https://kinu-devbox-bench-b20260914070552-snapshot-chain.ashishkmr472.workers.dev/state?box=ab-snapshot-chain-b20260914070552&strategy=snapshot-chain - Ok @ 9/14/2026, 2:06:41 AM
SnapshotChainBox.devboxState - Ok @ 9/14/2026, 2:06:41 AM
GET https://kinu-devbox-bench-b20260914070552-snapshot-chain.ashishkmr472.workers.dev/state?box=ab-snapshot-chain-b20260914070552&strategy=snapshot-chain - Ok @ 9/14/2026, 2:06:41 AM
SnapshotChainBox.devboxState - Ok @ 9/14/2026, 2:06:41 AM
GET https://kinu-devbox-bench-b20260914070552-snapshot-chain.ashishkmr472.workers.dev/state?box=ab-snapshot-chain-b20260914070552&strategy=snapshot-chain - Ok @ 9/14/2026, 2:06:42 AM
SnapshotChainBox.devboxState - Ok @ 9/14/2026, 2:06:42 AM
GET https://kinu-devbox-bench-b20260914070552-snapshot-chain.ashishkmr472.workers.dev/state?box=ab-snapshot-chain-b20260914070552&strategy=snapshot-chain - Ok @ 9/14/2026, 2:06:42 AM
SnapshotChainBox.devboxState - Ok @ 9/14/2026, 2:06:42 AM
GET https://kinu-devbox-bench-b20260914070552-snapshot-chain.ashishkmr472.workers.dev/state?box=ab-snapshot-chain-b20260914070552&strategy=snapshot-chain - Ok @ 9/14/2026, 2:06:42 AM
SnapshotChainBox.devboxState - Ok @ 9/14/2026, 2:06:42 AM
GET https://kinu-devbox-bench-b20260914070552-snapshot-chain.ashishkmr472.workers.dev/state?box=ab-snapshot-chain-b20260914070552&strategy=snapshot-chain - Ok @ 9/14/2026, 2:06:43 AM
SnapshotChainBox.devboxState - Ok @ 9/14/2026, 2:06:43 AM
GET https://kinu-devbox-bench-b20260914070552-snapshot-chain.ashishkmr472.workers.dev/state?box=ab-snapshot-chain-b20260914070552&strategy=snapshot-chain - Ok @ 9/14/2026, 2:06:43 AM
SnapshotChainBox.devboxState - Ok @ 9/14/2026, 2:06:43 AM
GET https://kinu-devbox-bench-b20260914070552-snapshot-chain.ashishkmr472.workers.dev/state?box=ab-snapshot-chain-b20260914070552&strategy=snapshot-chain - Ok @ 9/14/2026, 2:06:43 AM
SnapshotChainBox.devboxState - Ok @ 9/14/2026, 2:06:43 AM
GET https://kinu-devbox-bench-b20260914070552-snapshot-chain.ashishkmr472.workers.dev/state?box=ab-snapshot-chain-b20260914070552&strategy=snapshot-chain - Ok @ 9/14/2026, 2:06:44 AM
SnapshotChainBox.devboxState - Ok @ 9/14/2026, 2:06:44 AM
GET https://kinu-devbox-bench-b20260914070552-snapshot-chain.ashishkmr472.workers.dev/state?box=ab-snapshot-chain-b20260914070552&strategy=snapshot-chain - Ok @ 9/14/2026, 2:06:44 AM
SnapshotChainBox.devboxState - Ok @ 9/14/2026, 2:06:44 AM
GET https://kinu-devbox-bench-b20260914070552-snapshot-chain.ashishkmr472.workers.dev/state?box=ab-snapshot-chain-b20260914070552&strategy=snapshot-chain - Ok @ 9/14/2026, 2:06:44 AM
SnapshotChainBox.devboxState - Ok @ 9/14/2026, 2:06:44 AM
GET https://kinu-devbox-bench-b20260914070552-snapshot-chain.ashishkmr472.workers.dev/state?box=ab-snapshot-chain-b20260914070552&strategy=snapshot-chain - Ok @ 9/14/2026, 2:06:45 AM
SnapshotChainBox.devboxState - Ok @ 9/14/2026, 2:06:45 AM
GET https://kinu-devbox-bench-b20260914070552-snapshot-chain.ashishkmr472.workers.dev/state?box=ab-snapshot-chain-b20260914070552&strategy=snapshot-chain - Ok @ 9/14/2026, 2:06:45 AM
SnapshotChainBox.devboxState - Ok @ 9/14/2026, 2:06:45 AM
GET https://kinu-devbox-bench-b20260914070552-snapshot-chain.ashishkmr472.workers.dev/state?box=ab-snapshot-chain-b20260914070552&strategy=snapshot-chain - Ok @ 9/14/2026, 2:06:45 AM
SnapshotChainBox.devboxState - Ok @ 9/14/2026, 2:06:45 AM
GET https://kinu-devbox-bench-b20260914070552-snapshot-chain.ashishkmr472.workers.dev/state?box=ab-snapshot-chain-b20260914070552&strategy=snapshot-chain - Ok @ 9/14/2026, 2:06:46 AM
SnapshotChainBox.devboxState - Ok @ 9/14/2026, 2:06:46 AM
GET https://kinu-devbox-bench-b20260914070552-snapshot-chain.ashishkmr472.workers.dev/state?box=ab-snapshot-chain-b20260914070552&strategy=snapshot-chain - Ok @ 9/14/2026, 2:06:46 AM
SnapshotChainBox.devboxState - Ok @ 9/14/2026, 2:06:46 AM
GET https://kinu-devbox-bench-b20260914070552-snapshot-chain.ashishkmr472.workers.dev/state?box=ab-snapshot-chain-b20260914070552&strategy=snapshot-chain - Ok @ 9/14/2026, 2:06:46 AM
SnapshotChainBox.devboxState - Ok @ 9/14/2026, 2:06:46 AM
GET https://kinu-devbox-bench-b20260914070552-snapshot-chain.ashishkmr472.workers.dev/state?box=ab-snapshot-chain-b20260914070552&strategy=snapshot-chain - Ok @ 9/14/2026, 2:06:47 AM
SnapshotChainBox.devboxState - Ok @ 9/14/2026, 2:06:47 AM
GET https://kinu-devbox-bench-b20260914070552-snapshot-chain.ashishkmr472.workers.dev/state?box=ab-snapshot-chain-b20260914070552&strategy=snapshot-chain - Ok @ 9/14/2026, 2:06:47 AM
SnapshotChainBox.devboxState - Ok @ 9/14/2026, 2:06:47 AM
GET https://kinu-devbox-bench-b20260914070552-snapshot-chain.ashishkmr472.workers.dev/state?box=ab-snapshot-chain-b20260914070552&strategy=snapshot-chain - Ok @ 9/14/2026, 2:06:47 AM
SnapshotChainBox.devboxState - Ok @ 9/14/2026, 2:06:47 AM
GET https://kinu-devbox-bench-b20260914070552-snapshot-chain.ashishkmr472.workers.dev/state?box=ab-snapshot-chain-b20260914070552&strategy=snapshot-chain - Ok @ 9/14/2026, 2:06:48 AM
SnapshotChainBox.devboxState - Ok @ 9/14/2026, 2:06:48 AM
GET https://kinu-devbox-bench-b20260914070552-snapshot-chain.ashishkmr472.workers.dev/state?box=ab-snapshot-chain-b20260914070552&strategy=snapshot-chain - Ok @ 9/14/2026, 2:06:48 AM
SnapshotChainBox.devboxState - Ok @ 9/14/2026, 2:06:48 AM
GET https://kinu-devbox-bench-b20260914070552-snapshot-chain.ashishkmr472.workers.dev/state?box=ab-snapshot-chain-b20260914070552&strategy=snapshot-chain - Ok @ 9/14/2026, 2:06:48 AM
SnapshotChainBox.devboxState - Ok @ 9/14/2026, 2:06:48 AM
GET https://kinu-devbox-bench-b20260914070552-snapshot-chain.ashishkmr472.workers.dev/state?box=ab-snapshot-chain-b20260914070552&strategy=snapshot-chain - Ok @ 9/14/2026, 2:06:48 AM
SnapshotChainBox.devboxState - Ok @ 9/14/2026, 2:06:48 AM
GET https://kinu-devbox-bench-b20260914070552-snapshot-chain.ashishkmr472.workers.dev/state?box=ab-snapshot-chain-b20260914070552&strategy=snapshot-chain - Ok @ 9/14/2026, 2:06:49 AM
SnapshotChainBox.devboxState - Ok @ 9/14/2026, 2:06:49 AM
GET https://kinu-devbox-bench-b20260914070552-snapshot-chain.ashishkmr472.workers.dev/state?box=ab-snapshot-chain-b20260914070552&strategy=snapshot-chain - Ok @ 9/14/2026, 2:06:49 AM
SnapshotChainBox.devboxState - Ok @ 9/14/2026, 2:06:49 AM
GET https://kinu-devbox-bench-b20260914070552-snapshot-chain.ashishkmr472.workers.dev/state?box=ab-snapshot-chain-b20260914070552&strategy=snapshot-chain - Ok @ 9/14/2026, 2:06:49 AM
SnapshotChainBox.devboxState - Ok @ 9/14/2026, 2:06:49 AM
GET https://kinu-devbox-bench-b20260914070552-snapshot-chain.ashishkmr472.workers.dev/state?box=ab-snapshot-chain-b20260914070552&strategy=snapshot-chain - Ok @ 9/14/2026, 2:06:50 AM
SnapshotChainBox.devboxState - Ok @ 9/14/2026, 2:06:50 AM
GET https://kinu-devbox-bench-b20260914070552-snapshot-chain.ashishkmr472.workers.dev/state?box=ab-snapshot-chain-b20260914070552&strategy=snapshot-chain - Ok @ 9/14/2026, 2:06:50 AM
SnapshotChainBox.devboxState - Ok @ 9/14/2026, 2:06:50 AM
GET https://kinu-devbox-bench-b20260914070552-snapshot-chain.ashishkmr472.workers.dev/state?box=ab-snapshot-chain-b20260914070552&strategy=snapshot-chain - Ok @ 9/14/2026, 2:06:50 AM
GET https://kinu-devbox-bench-b20260914070552-snapshot-chain.ashishkmr472.workers.dev/state?box=ab-snapshot-chain-b20260914070552&strategy=snapshot-chain - Ok @ 9/14/2026, 2:06:51 AM
SnapshotChainBox.devboxState - Ok @ 9/14/2026, 2:06:50 AM
GET https://kinu-devbox-bench-b20260914070552-snapshot-chain.ashishkmr472.workers.dev/state?box=ab-snapshot-chain-b20260914070552&strategy=snapshot-chain - Ok @ 9/14/2026, 2:06:51 AM
SnapshotChainBox.devboxState - Ok @ 9/14/2026, 2:06:51 AM
SnapshotChainBox.devboxState - Ok @ 9/14/2026, 2:06:51 AM
GET https://kinu-devbox-bench-b20260914070552-snapshot-chain.ashishkmr472.workers.dev/state?box=ab-snapshot-chain-b20260914070552&strategy=snapshot-chain - Ok @ 9/14/2026, 2:06:51 AM
SnapshotChainBox.devboxState - Ok @ 9/14/2026, 2:06:51 AM
GET https://kinu-devbox-bench-b20260914070552-snapshot-chain.ashishkmr472.workers.dev/state?box=ab-snapshot-chain-b20260914070552&strategy=snapshot-chain - Ok @ 9/14/2026, 2:06:52 AM
SnapshotChainBox.devboxState - Ok @ 9/14/2026, 2:06:52 AM
GET https://kinu-devbox-bench-b20260914070552-snapshot-chain.ashishkmr472.workers.dev/state?box=ab-snapshot-chain-b20260914070552&strategy=snapshot-chain - Ok @ 9/14/2026, 2:06:52 AM
SnapshotChainBox.devboxState - Ok @ 9/14/2026, 2:06:52 AM
GET https://kinu-devbox-bench-b20260914070552-snapshot-chain.ashishkmr472.workers.dev/state?box=ab-snapshot-chain-b20260914070552&strategy=snapshot-chain - Ok @ 9/14/2026, 2:06:52 AM
SnapshotChainBox.devboxState - Ok @ 9/14/2026, 2:06:52 AM
GET https://kinu-devbox-bench-b20260914070552-snapshot-chain.ashishkmr472.workers.dev/state?box=ab-snapshot-chain-b20260914070552&strategy=snapshot-chain - Ok @ 9/14/2026, 2:06:53 AM
SnapshotChainBox.devboxState - Ok @ 9/14/2026, 2:06:53 AM
GET https://kinu-devbox-bench-b20260914070552-snapshot-chain.ashishkmr472.workers.dev/state?box=ab-snapshot-chain-b20260914070552&strategy=snapshot-chain - Ok @ 9/14/2026, 2:06:53 AM
SnapshotChainBox.devboxState - Ok @ 9/14/2026, 2:06:53 AM
GET https://kinu-devbox-bench-b20260914070552-snapshot-chain.ashishkmr472.workers.dev/state?box=ab-snapshot-chain-b20260914070552&strategy=snapshot-chain - Ok @ 9/14/2026, 2:06:53 AM
SnapshotChainBox.devboxState - Ok @ 9/14/2026, 2:06:53 AM
GET https://kinu-devbox-bench-b20260914070552-snapshot-chain.ashishkmr472.workers.dev/state?box=ab-snapshot-chain-b20260914070552&strategy=snapshot-chain - Ok @ 9/14/2026, 2:06:54 AM
SnapshotChainBox.devboxState - Ok @ 9/14/2026, 2:06:54 AM
GET https://kinu-devbox-bench-b20260914070552-snapshot-chain.ashishkmr472.workers.dev/state?box=ab-snapshot-chain-b20260914070552&strategy=snapshot-chain - Ok @ 9/14/2026, 2:06:54 AM
SnapshotChainBox.devboxState - Ok @ 9/14/2026, 2:06:54 AM
GET https://kinu-devbox-bench-b20260914070552-snapshot-chain.ashishkmr472.workers.dev/state?box=ab-snapshot-chain-b20260914070552&strategy=snapshot-chain - Ok @ 9/14/2026, 2:06:54 AM
SnapshotChainBox.devboxState - Ok @ 9/14/2026, 2:06:54 AM
GET https://kinu-devbox-bench-b20260914070552-snapshot-chain.ashishkmr472.workers.dev/state?box=ab-snapshot-chain-b20260914070552&strategy=snapshot-chain - Ok @ 9/14/2026, 2:06:54 AM
SnapshotChainBox.devboxState - Ok @ 9/14/2026, 2:06:54 AM
GET https://kinu-devbox-bench-b20260914070552-snapshot-chain.ashishkmr472.workers.dev/state?box=ab-snapshot-chain-b20260914070552&strategy=snapshot-chain - Ok @ 9/14/2026, 2:06:55 AM
SnapshotChainBox.devboxState - Ok @ 9/14/2026, 2:06:55 AM
GET https://kinu-devbox-bench-b20260914070552-snapshot-chain.ashishkmr472.workers.dev/state?box=ab-snapshot-chain-b20260914070552&strategy=snapshot-chain - Ok @ 9/14/2026, 2:06:55 AM
SnapshotChainBox.devboxState - Ok @ 9/14/2026, 2:06:55 AM
GET https://kinu-devbox-bench-b20260914070552-snapshot-chain.ashishkmr472.workers.dev/state?box=ab-snapshot-chain-b20260914070552&strategy=snapshot-chain - Ok @ 9/14/2026, 2:06:55 AM
SnapshotChainBox.devboxState - Ok @ 9/14/2026, 2:06:55 AM
GET https://kinu-devbox-bench-b20260914070552-snapshot-chain.ashishkmr472.workers.dev/state?box=ab-snapshot-chain-b20260914070552&strategy=snapshot-chain - Ok @ 9/14/2026, 2:06:56 AM
SnapshotChainBox.devboxState - Ok @ 9/14/2026, 2:06:56 AM
GET https://kinu-devbox-bench-b20260914070552-snapshot-chain.ashishkmr472.workers.dev/state?box=ab-snapshot-chain-b20260914070552&strategy=snapshot-chain - Ok @ 9/14/2026, 2:06:56 AM
SnapshotChainBox.devboxState - Ok @ 9/14/2026, 2:06:56 AM
GET https://kinu-devbox-bench-b20260914070552-snapshot-chain.ashishkmr472.workers.dev/state?box=ab-snapshot-chain-b20260914070552&strategy=snapshot-chain - Ok @ 9/14/2026, 2:06:56 AM
SnapshotChainBox.devboxState - Ok @ 9/14/2026, 2:06:56 AM
GET https://kinu-devbox-bench-b20260914070552-snapshot-chain.ashishkmr472.workers.dev/state?box=ab-snapshot-chain-b20260914070552&strategy=snapshot-chain - Ok @ 9/14/2026, 2:06:57 AM
SnapshotChainBox.devboxState - Ok @ 9/14/2026, 2:06:57 AM
GET https://kinu-devbox-bench-b20260914070552-snapshot-chain.ashishkmr472.workers.dev/state?box=ab-snapshot-chain-b20260914070552&strategy=snapshot-chain - Ok @ 9/14/2026, 2:06:57 AM
SnapshotChainBox.devboxState - Ok @ 9/14/2026, 2:06:57 AM
GET https://kinu-devbox-bench-b20260914070552-snapshot-chain.ashishkmr472.workers.dev/state?box=ab-snapshot-chain-b20260914070552&strategy=snapshot-chain - Ok @ 9/14/2026, 2:06:57 AM
SnapshotChainBox.devboxState - Ok @ 9/14/2026, 2:06:57 AM
GET https://kinu-devbox-bench-b20260914070552-snapshot-chain.ashishkmr472.workers.dev/state?box=ab-snapshot-chain-b20260914070552&strategy=snapshot-chain - Ok @ 9/14/2026, 2:06:58 AM
SnapshotChainBox.devboxState - Ok @ 9/14/2026, 2:06:58 AM
GET https://kinu-devbox-bench-b20260914070552-snapshot-chain.ashishkmr472.workers.dev/state?box=ab-snapshot-chain-b20260914070552&strategy=snapshot-chain - Ok @ 9/14/2026, 2:06:58 AM
SnapshotChainBox.devboxState - Ok @ 9/14/2026, 2:06:58 AM
GET https://kinu-devbox-bench-b20260914070552-snapshot-chain.ashishkmr472.workers.dev/state?box=ab-snapshot-chain-b20260914070552&strategy=snapshot-chain - Ok @ 9/14/2026, 2:06:58 AM
SnapshotChainBox.devboxState - Ok @ 9/14/2026, 2:06:58 AM
GET https://kinu-devbox-bench-b20260914070552-snapshot-chain.ashishkmr472.workers.dev/state?box=ab-snapshot-chain-b20260914070552&strategy=snapshot-chain - Ok @ 9/14/2026, 2:06:59 AM
SnapshotChainBox.devboxState - Ok @ 9/14/2026, 2:06:59 AM
GET https://kinu-devbox-bench-b20260914070552-snapshot-chain.ashishkmr472.workers.dev/state?box=ab-snapshot-chain-b20260914070552&strategy=snapshot-chain - Ok @ 9/14/2026, 2:06:59 AM
SnapshotChainBox.devboxState - Ok @ 9/14/2026, 2:06:59 AM
GET https://kinu-devbox-bench-b20260914070552-snapshot-chain.ashishkmr472.workers.dev/state?box=ab-snapshot-chain-b20260914070552&strategy=snapshot-chain - Ok @ 9/14/2026, 2:06:59 AM
SnapshotChainBox.devboxState - Ok @ 9/14/2026, 2:06:59 AM
GET https://kinu-devbox-bench-b20260914070552-snapshot-chain.ashishkmr472.workers.dev/state?box=ab-snapshot-chain-b20260914070552&strategy=snapshot-chain - Ok @ 9/14/2026, 2:07:00 AM
SnapshotChainBox.devboxState - Ok @ 9/14/2026, 2:07:00 AM
GET https://kinu-devbox-bench-b20260914070552-snapshot-chain.ashishkmr472.workers.dev/state?box=ab-snapshot-chain-b20260914070552&strategy=snapshot-chain - Ok @ 9/14/2026, 2:07:00 AM
SnapshotChainBox.devboxState - Ok @ 9/14/2026, 2:07:00 AM
GET https://kinu-devbox-bench-b20260914070552-snapshot-chain.ashishkmr472.workers.dev/state?box=ab-snapshot-chain-b20260914070552&strategy=snapshot-chain - Ok @ 9/14/2026, 2:07:00 AM
SnapshotChainBox.devboxState - Ok @ 9/14/2026, 2:07:00 AM
GET https://kinu-devbox-bench-b20260914070552-snapshot-chain.ashishkmr472.workers.dev/state?box=ab-snapshot-chain-b20260914070552&strategy=snapshot-chain - Ok @ 9/14/2026, 2:07:00 AM
SnapshotChainBox.devboxState - Ok @ 9/14/2026, 2:07:01 AM
GET https://kinu-devbox-bench-b20260914070552-snapshot-chain.ashishkmr472.workers.dev/state?box=ab-snapshot-chain-b20260914070552&strategy=snapshot-chain - Ok @ 9/14/2026, 2:07:01 AM
SnapshotChainBox.devboxState - Ok @ 9/14/2026, 2:07:01 AM
GET https://kinu-devbox-bench-b20260914070552-snapshot-chain.ashishkmr472.workers.dev/state?box=ab-snapshot-chain-b20260914070552&strategy=snapshot-chain - Ok @ 9/14/2026, 2:07:01 AM
SnapshotChainBox.devboxState - Ok @ 9/14/2026, 2:07:01 AM
GET https://kinu-devbox-bench-b20260914070552-snapshot-chain.ashishkmr472.workers.dev/state?box=ab-snapshot-chain-b20260914070552&strategy=snapshot-chain - Ok @ 9/14/2026, 2:07:01 AM
SnapshotChainBox.devboxState - Ok @ 9/14/2026, 2:07:01 AM
GET https://kinu-devbox-bench-b20260914070552-snapshot-chain.ashishkmr472.workers.dev/state?box=ab-snapshot-chain-b20260914070552&strategy=snapshot-chain - Ok @ 9/14/2026, 2:07:02 AM
SnapshotChainBox.devboxState - Ok @ 9/14/2026, 2:07:02 AM
GET https://kinu-devbox-bench-b20260914070552-snapshot-chain.ashishkmr472.workers.dev/state?box=ab-snapshot-chain-b20260914070552&strategy=snapshot-chain - Ok @ 9/14/2026, 2:07:02 AM
SnapshotChainBox.devboxState - Ok @ 9/14/2026, 2:07:02 AM
GET https://kinu-devbox-bench-b20260914070552-snapshot-chain.ashishkmr472.workers.dev/state?box=ab-snapshot-chain-b20260914070552&strategy=snapshot-chain - Ok @ 9/14/2026, 2:07:02 AM
SnapshotChainBox.devboxState - Ok @ 9/14/2026, 2:07:02 AM
GET https://kinu-devbox-bench-b20260914070552-snapshot-chain.ashishkmr472.workers.dev/state?box=ab-snapshot-chain-b20260914070552&strategy=snapshot-chain - Ok @ 9/14/2026, 2:07:03 AM
SnapshotChainBox.devboxState - Ok @ 9/14/2026, 2:07:03 AM
GET https://kinu-devbox-bench-b20260914070552-snapshot-chain.ashishkmr472.workers.dev/state?box=ab-snapshot-chain-b20260914070552&strategy=snapshot-chain - Ok @ 9/14/2026, 2:07:03 AM
SnapshotChainBox.devboxState - Ok @ 9/14/2026, 2:07:03 AM
GET https://kinu-devbox-bench-b20260914070552-snapshot-chain.ashishkmr472.workers.dev/state?box=ab-snapshot-chain-b20260914070552&strategy=snapshot-chain - Ok @ 9/14/2026, 2:07:03 AM
SnapshotChainBox.devboxState - Ok @ 9/14/2026, 2:07:03 AM
GET https://kinu-devbox-bench-b20260914070552-snapshot-chain.ashishkmr472.workers.dev/state?box=ab-snapshot-chain-b20260914070552&strategy=snapshot-chain - Ok @ 9/14/2026, 2:07:04 AM
SnapshotChainBox.devboxState - Ok @ 9/14/2026, 2:07:04 AM
GET https://kinu-devbox-bench-b20260914070552-snapshot-chain.ashishkmr472.workers.dev/state?box=ab-snapshot-chain-b20260914070552&strategy=snapshot-chain - Ok @ 9/14/2026, 2:07:04 AM
SnapshotChainBox.devboxState - Ok @ 9/14/2026, 2:07:04 AM
GET https://kinu-devbox-bench-b20260914070552-snapshot-chain.ashishkmr472.workers.dev/state?box=ab-snapshot-chain-b20260914070552&strategy=snapshot-chain - Ok @ 9/14/2026, 2:07:04 AM
SnapshotChainBox.devboxState - Ok @ 9/14/2026, 2:07:04 AM
GET https://kinu-devbox-bench-b20260914070552-snapshot-chain.ashishkmr472.workers.dev/state?box=ab-snapshot-chain-b20260914070552&strategy=snapshot-chain - Ok @ 9/14/2026, 2:07:05 AM
SnapshotChainBox.devboxState - Ok @ 9/14/2026, 2:07:05 AM
GET https://kinu-devbox-bench-b20260914070552-snapshot-chain.ashishkmr472.workers.dev/state?box=ab-snapshot-chain-b20260914070552&strategy=snapshot-chain - Ok @ 9/14/2026, 2:07:05 AM
SnapshotChainBox.devboxState - Ok @ 9/14/2026, 2:07:05 AM
GET https://kinu-devbox-bench-b20260914070552-snapshot-chain.ashishkmr472.workers.dev/state?box=ab-snapshot-chain-b20260914070552&strategy=snapshot-chain - Ok @ 9/14/2026, 2:07:05 AM
SnapshotChainBox.devboxState - Ok @ 9/14/2026, 2:07:05 AM
GET https://kinu-devbox-bench-b20260914070552-snapshot-chain.ashishkmr472.workers.dev/state?box=ab-snapshot-chain-b20260914070552&strategy=snapshot-chain - Ok @ 9/14/2026, 2:07:06 AM
SnapshotChainBox.devboxState - Ok @ 9/14/2026, 2:07:06 AM
GET https://kinu-devbox-bench-b20260914070552-snapshot-chain.ashishkmr472.workers.dev/state?box=ab-snapshot-chain-b20260914070552&strategy=snapshot-chain - Ok @ 9/14/2026, 2:07:06 AM
SnapshotChainBox.devboxState - Ok @ 9/14/2026, 2:07:06 AM
GET https://kinu-devbox-bench-b20260914070552-snapshot-chain.ashishkmr472.workers.dev/state?box=ab-snapshot-chain-b20260914070552&strategy=snapshot-chain - Ok @ 9/14/2026, 2:07:06 AM
SnapshotChainBox.devboxState - Ok @ 9/14/2026, 2:07:06 AM
GET https://kinu-devbox-bench-b20260914070552-snapshot-chain.ashishkmr472.workers.dev/state?box=ab-snapshot-chain-b20260914070552&strategy=snapshot-chain - Ok @ 9/14/2026, 2:07:07 AM
SnapshotChainBox.devboxState - Ok @ 9/14/2026, 2:07:07 AM
GET https://kinu-devbox-bench-b20260914070552-snapshot-chain.ashishkmr472.workers.dev/state?box=ab-snapshot-chain-b20260914070552&strategy=snapshot-chain - Ok @ 9/14/2026, 2:07:07 AM
SnapshotChainBox.devboxState - Ok @ 9/14/2026, 2:07:07 AM
GET https://kinu-devbox-bench-b20260914070552-snapshot-chain.ashishkmr472.workers.dev/state?box=ab-snapshot-chain-b20260914070552&strategy=snapshot-chain - Ok @ 9/14/2026, 2:07:07 AM
SnapshotChainBox.devboxState - Ok @ 9/14/2026, 2:07:07 AM
GET https://kinu-devbox-bench-b20260914070552-snapshot-chain.ashishkmr472.workers.dev/state?box=ab-snapshot-chain-b20260914070552&strategy=snapshot-chain - Ok @ 9/14/2026, 2:07:07 AM
SnapshotChainBox.devboxState - Ok @ 9/14/2026, 2:07:07 AM
GET https://kinu-devbox-bench-b20260914070552-snapshot-chain.ashishkmr472.workers.dev/state?box=ab-snapshot-chain-b20260914070552&strategy=snapshot-chain - Ok @ 9/14/2026, 2:07:08 AM
SnapshotChainBox.devboxState - Ok @ 9/14/2026, 2:07:08 AM
GET https://kinu-devbox-bench-b20260914070552-snapshot-chain.ashishkmr472.workers.dev/state?box=ab-snapshot-chain-b20260914070552&strategy=snapshot-chain - Ok @ 9/14/2026, 2:07:08 AM
SnapshotChainBox.devboxState - Ok @ 9/14/2026, 2:07:08 AM
GET https://kinu-devbox-bench-b20260914070552-snapshot-chain.ashishkmr472.workers.dev/state?box=ab-snapshot-chain-b20260914070552&strategy=snapshot-chain - Ok @ 9/14/2026, 2:07:08 AM
SnapshotChainBox.devboxState - Ok @ 9/14/2026, 2:07:08 AM
Alarm @ 9/14/2026, 2:07:08 AM - Canceled
GET https://kinu-devbox-bench-b20260914070552-snapshot-chain.ashishkmr472.workers.dev/state?box=ab-snapshot-chain-b20260914070552&strategy=snapshot-chain - Ok @ 9/14/2026, 2:07:09 AM
SnapshotChainBox.devboxState - Ok @ 9/14/2026, 2:07:09 AM
GET https://kinu-devbox-bench-b20260914070552-snapshot-chain.ashishkmr472.workers.dev/state?box=ab-snapshot-chain-b20260914070552&strategy=snapshot-chain - Ok @ 9/14/2026, 2:07:09 AM
SnapshotChainBox.devboxState - Ok @ 9/14/2026, 2:07:09 AM
GET https://kinu-devbox-bench-b20260914070552-snapshot-chain.ashishkmr472.workers.dev/state?box=ab-snapshot-chain-b20260914070552&strategy=snapshot-chain - Ok @ 9/14/2026, 2:07:09 AM
SnapshotChainBox.devboxState - Ok @ 9/14/2026, 2:07:09 AM
GET https://kinu-devbox-bench-b20260914070552-snapshot-chain.ashishkmr472.workers.dev/state?box=ab-snapshot-chain-b20260914070552&strategy=snapshot-chain - Ok @ 9/14/2026, 2:07:10 AM
SnapshotChainBox.devboxState - Ok @ 9/14/2026, 2:07:10 AM
GET https://kinu-devbox-bench-b20260914070552-snapshot-chain.ashishkmr472.workers.dev/state?box=ab-snapshot-chain-b20260914070552&strategy=snapshot-chain - Ok @ 9/14/2026, 2:07:10 AM
SnapshotChainBox.devboxState - Ok @ 9/14/2026, 2:07:10 AM
GET https://kinu-devbox-bench-b20260914070552-snapshot-chain.ashishkmr472.workers.dev/state?box=ab-snapshot-chain-b20260914070552&strategy=snapshot-chain - Ok @ 9/14/2026, 2:07:10 AM
SnapshotChainBox.devboxState - Ok @ 9/14/2026, 2:07:10 AM
GET https://kinu-devbox-bench-b20260914070552-snapshot-chain.ashishkmr472.workers.dev/state?box=ab-snapshot-chain-b20260914070552&strategy=snapshot-chain - Ok @ 9/14/2026, 2:07:11 AM
SnapshotChainBox.devboxState - Ok @ 9/14/2026, 2:07:11 AM
GET https://kinu-devbox-bench-b20260914070552-snapshot-chain.ashishkmr472.workers.dev/state?box=ab-snapshot-chain-b20260914070552&strategy=snapshot-chain - Ok @ 9/14/2026, 2:07:11 AM
SnapshotChainBox.devboxState - Ok @ 9/14/2026, 2:07:11 AM
GET https://kinu-devbox-bench-b20260914070552-snapshot-chain.ashishkmr472.workers.dev/incidents?box=ab-snapshot-chain-b20260914070552&strategy=snapshot-chain - Ok @ 9/14/2026, 2:07:11 AM
SnapshotChainBox.devboxIncidentReasons - Ok @ 9/14/2026, 2:07:11 AM
GET https://kinu-devbox-bench-b20260914070552-snapshot-chain.ashishkmr472.workers.dev/state?box=ab-snapshot-chain-b20260914070552&strategy=snapshot-chain - Ok @ 9/14/2026, 2:07:11 AM
SnapshotChainBox.devboxState - Ok @ 9/14/2026, 2:07:11 AM
POST https://kinu-devbox-bench-b20260914070552-snapshot-chain.ashishkmr472.workers.dev/destroy?box=ab-snapshot-chain-b20260914070552 - Ok @ 9/14/2026, 2:07:11 AM
SnapshotChainBox.destroyContainerForBench - Ok @ 9/14/2026, 2:07:11 AM
  (log) {
  level: 'info',
  message: 'sandbox.destroy success 0 mounts (159ms)',
  component: 'sandbox-do',
  sandboxId: '067c024ccbae4993d0793c436f1bb0aec6ca2e7aeacce959c56c9ac6920201ff',
  traceId: 'tr_55dcae37328a4d0b',
  event: 'sandbox.destroy',
  outcome: 'success',
  durationMs: 159,
  mountsProcessed: 0,
  mountFailures: 0,
  timestamp: '2026-09-14T07:07:12.064Z'
}
SnapshotChainBox.kickStartup - Ok @ 9/14/2026, 2:07:12 AM
POST https://kinu-devbox-bench-b20260914070552-snapshot-chain.ashishkmr472.workers.dev/create?box=ab-snapshot-chain-b20260914070552 - Ok @ 9/14/2026, 2:07:12 AM
SnapshotChainBox.devboxState - Ok @ 9/14/2026, 2:07:12 AM
GET https://kinu-devbox-bench-b20260914070552-snapshot-chain.ashishkmr472.workers.dev/state?box=ab-snapshot-chain-b20260914070552&strategy=snapshot-chain - Ok @ 9/14/2026, 2:07:12 AM
GET https://kinu-devbox-bench-b20260914070552-snapshot-chain.ashishkmr472.workers.dev/state?box=ab-snapshot-chain-b20260914070552&strategy=snapshot-chain - Ok @ 9/14/2026, 2:07:12 AM
SnapshotChainBox.devboxState - Ok @ 9/14/2026, 2:07:12 AM
GET https://kinu-devbox-bench-b20260914070552-snapshot-chain.ashishkmr472.workers.dev/state?box=ab-snapshot-chain-b20260914070552&strategy=snapshot-chain - Ok @ 9/14/2026, 2:07:12 AM
SnapshotChainBox.devboxState - Ok @ 9/14/2026, 2:07:12 AM
GET https://kinu-devbox-bench-b20260914070552-snapshot-chain.ashishkmr472.workers.dev/state?box=ab-snapshot-chain-b20260914070552&strategy=snapshot-chain - Ok @ 9/14/2026, 2:07:13 AM
SnapshotChainBox.devboxState - Ok @ 9/14/2026, 2:07:13 AM
GET https://kinu-devbox-bench-b20260914070552-snapshot-chain.ashishkmr472.workers.dev/state?box=ab-snapshot-chain-b20260914070552&strategy=snapshot-chain - Ok @ 9/14/2026, 2:07:13 AM
SnapshotChainBox.devboxState - Ok @ 9/14/2026, 2:07:13 AM
GET https://kinu-devbox-bench-b20260914070552-snapshot-chain.ashishkmr472.workers.dev/state?box=ab-snapshot-chain-b20260914070552&strategy=snapshot-chain - Ok @ 9/14/2026, 2:07:13 AM
SnapshotChainBox.devboxState - Ok @ 9/14/2026, 2:07:13 AM
GET https://kinu-devbox-bench-b20260914070552-snapshot-chain.ashishkmr472.workers.dev/state?box=ab-snapshot-chain-b20260914070552&strategy=snapshot-chain - Ok @ 9/14/2026, 2:07:14 AM
SnapshotChainBox.devboxState - Ok @ 9/14/2026, 2:07:14 AM
GET https://kinu-devbox-bench-b20260914070552-snapshot-chain.ashishkmr472.workers.dev/state?box=ab-snapshot-chain-b20260914070552&strategy=snapshot-chain - Ok @ 9/14/2026, 2:07:14 AM
SnapshotChainBox.devboxState - Ok @ 9/14/2026, 2:07:14 AM
GET https://kinu-devbox-bench-b20260914070552-snapshot-chain.ashishkmr472.workers.dev/state?box=ab-snapshot-chain-b20260914070552&strategy=snapshot-chain - Ok @ 9/14/2026, 2:07:14 AM
SnapshotChainBox.devboxState - Ok @ 9/14/2026, 2:07:14 AM
GET https://kinu-devbox-bench-b20260914070552-snapshot-chain.ashishkmr472.workers.dev/state?box=ab-snapshot-chain-b20260914070552&strategy=snapshot-chain - Ok @ 9/14/2026, 2:07:14 AM
SnapshotChainBox.devboxState - Ok @ 9/14/2026, 2:07:14 AM
GET https://kinu-devbox-bench-b20260914070552-snapshot-chain.ashishkmr472.workers.dev/state?box=ab-snapshot-chain-b20260914070552&strategy=snapshot-chain - Ok @ 9/14/2026, 2:07:15 AM
SnapshotChainBox.devboxState - Ok @ 9/14/2026, 2:07:15 AM
GET https://kinu-devbox-bench-b20260914070552-snapshot-chain.ashishkmr472.workers.dev/state?box=ab-snapshot-chain-b20260914070552&strategy=snapshot-chain - Ok @ 9/14/2026, 2:07:15 AM
SnapshotChainBox.devboxState - Ok @ 9/14/2026, 2:07:15 AM
GET https://kinu-devbox-bench-b20260914070552-snapshot-chain.ashishkmr472.workers.dev/state?box=ab-snapshot-chain-b20260914070552&strategy=snapshot-chain - Ok @ 9/14/2026, 2:07:15 AM
SnapshotChainBox.devboxState - Ok @ 9/14/2026, 2:07:15 AM
GET https://kinu-devbox-bench-b20260914070552-snapshot-chain.ashishkmr472.workers.dev/state?box=ab-snapshot-chain-b20260914070552&strategy=snapshot-chain - Ok @ 9/14/2026, 2:07:16 AM
SnapshotChainBox.devboxState - Ok @ 9/14/2026, 2:07:16 AM
GET https://kinu-devbox-bench-b20260914070552-snapshot-chain.ashishkmr472.workers.dev/state?box=ab-snapshot-chain-b20260914070552&strategy=snapshot-chain - Ok @ 9/14/2026, 2:07:16 AM
SnapshotChainBox.devboxState - Ok @ 9/14/2026, 2:07:16 AM
GET https://kinu-devbox-bench-b20260914070552-snapshot-chain.ashishkmr472.workers.dev/state?box=ab-snapshot-chain-b20260914070552&strategy=snapshot-chain - Ok @ 9/14/2026, 2:07:16 AM
SnapshotChainBox.devboxState - Ok @ 9/14/2026, 2:07:16 AM
GET https://kinu-devbox-bench-b20260914070552-snapshot-chain.ashishkmr472.workers.dev/state?box=ab-snapshot-chain-b20260914070552&strategy=snapshot-chain - Ok @ 9/14/2026, 2:07:17 AM
SnapshotChainBox.devboxState - Ok @ 9/14/2026, 2:07:17 AM
GET https://kinu-devbox-bench-b20260914070552-snapshot-chain.ashishkmr472.workers.dev/state?box=ab-snapshot-chain-b20260914070552&strategy=snapshot-chain - Ok @ 9/14/2026, 2:07:17 AM
SnapshotChainBox.devboxState - Ok @ 9/14/2026, 2:07:17 AM
GET https://kinu-devbox-bench-b20260914070552-snapshot-chain.ashishkmr472.workers.dev/state?box=ab-snapshot-chain-b20260914070552&strategy=snapshot-chain - Ok @ 9/14/2026, 2:07:17 AM
SnapshotChainBox.devboxState - Ok @ 9/14/2026, 2:07:17 AM
GET https://kinu-devbox-bench-b20260914070552-snapshot-chain.ashishkmr472.workers.dev/state?box=ab-snapshot-chain-b20260914070552&strategy=snapshot-chain - Ok @ 9/14/2026, 2:07:17 AM
SnapshotChainBox.devboxState - Ok @ 9/14/2026, 2:07:17 AM
GET https://kinu-devbox-bench-b20260914070552-snapshot-chain.ashishkmr472.workers.dev/state?box=ab-snapshot-chain-b20260914070552&strategy=snapshot-chain - Ok @ 9/14/2026, 2:07:18 AM
SnapshotChainBox.devboxState - Ok @ 9/14/2026, 2:07:18 AM
  (log) {"event":"devbox.startup.admit.exit","at":1789369638470,"generation":1,"ms":6000,"admitted":false,"owned":true,"running":true,"reason":"Container request aborted.: The container is not listening in the TCP address 10.0.0.1:3000"}
GET https://kinu-devbox-bench-b20260914070552-snapshot-chain.ashishkmr472.workers.dev/state?box=ab-snapshot-chain-b20260914070552&strategy=snapshot-chain - Ok @ 9/14/2026, 2:07:18 AM
SnapshotChainBox.exec - Ok @ 9/14/2026, 2:07:12 AM
  (log) {"event":"devbox.readiness.enter","at":1789369632470,"generation":1,"running":false,"phase":"unstarted"}
  (log) {"event":"devbox.startup.flight.open","at":1789369632470,"generation":1,"running":false,"phase":"unstarted"}
  (log) {"event":"devbox.startup.admit.enter","at":1789369632470,"generation":1,"running":false}
POST https://kinu-devbox-bench-b20260914070552-snapshot-chain.ashishkmr472.workers.dev/exec?box=ab-snapshot-chain-b20260914070552 - Ok @ 9/14/2026, 2:07:12 AM
SnapshotChainBox.devboxState - Ok @ 9/14/2026, 2:07:18 AM
  (log) {"event":"devbox.startup.flight.exit","at":1789369638536,"generation":1,"ms":6066,"settled":true,"phase":"unstarted"}
GET https://kinu-devbox-bench-b20260914070552-snapshot-chain.ashishkmr472.workers.dev/state?box=ab-snapshot-chain-b20260914070552&strategy=snapshot-chain - Ok @ 9/14/2026, 2:07:18 AM
SnapshotChainBox.devboxState - Ok @ 9/14/2026, 2:07:18 AM
GET https://kinu-devbox-bench-b20260914070552-snapshot-chain.ashishkmr472.workers.dev/state?box=ab-snapshot-chain-b20260914070552&strategy=snapshot-chain - Ok @ 9/14/2026, 2:07:19 AM
SnapshotChainBox.devboxState - Ok @ 9/14/2026, 2:07:19 AM
GET https://kinu-devbox-bench-b20260914070552-snapshot-chain.ashishkmr472.workers.dev/state?box=ab-snapshot-chain-b20260914070552&strategy=snapshot-chain - Ok @ 9/14/2026, 2:07:19 AM
SnapshotChainBox.devboxState - Ok @ 9/14/2026, 2:07:19 AM
GET https://kinu-devbox-bench-b20260914070552-snapshot-chain.ashishkmr472.workers.dev/state?box=ab-snapshot-chain-b20260914070552&strategy=snapshot-chain - Ok @ 9/14/2026, 2:07:19 AM
SnapshotChainBox.devboxState - Ok @ 9/14/2026, 2:07:19 AM
GET https://kinu-devbox-bench-b20260914070552-snapshot-chain.ashishkmr472.workers.dev/state?box=ab-snapshot-chain-b20260914070552&strategy=snapshot-chain - Ok @ 9/14/2026, 2:07:20 AM
SnapshotChainBox.devboxState - Ok @ 9/14/2026, 2:07:20 AM
GET https://kinu-devbox-bench-b20260914070552-snapshot-chain.ashishkmr472.workers.dev/state?box=ab-snapshot-chain-b20260914070552&strategy=snapshot-chain - Ok @ 9/14/2026, 2:07:20 AM
SnapshotChainBox.devboxState - Ok @ 9/14/2026, 2:07:20 AM
GET https://kinu-devbox-bench-b20260914070552-snapshot-chain.ashishkmr472.workers.dev/state?box=ab-snapshot-chain-b20260914070552&strategy=snapshot-chain - Ok @ 9/14/2026, 2:07:20 AM
SnapshotChainBox.devboxState - Ok @ 9/14/2026, 2:07:20 AM
GET https://kinu-devbox-bench-b20260914070552-snapshot-chain.ashishkmr472.workers.dev/state?box=ab-snapshot-chain-b20260914070552&strategy=snapshot-chain - Ok @ 9/14/2026, 2:07:21 AM
SnapshotChainBox.devboxState - Ok @ 9/14/2026, 2:07:21 AM
GET https://kinu-devbox-bench-b20260914070552-snapshot-chain.ashishkmr472.workers.dev/state?box=ab-snapshot-chain-b20260914070552&strategy=snapshot-chain - Ok @ 9/14/2026, 2:07:21 AM
SnapshotChainBox.devboxState - Ok @ 9/14/2026, 2:07:21 AM
GET https://kinu-devbox-bench-b20260914070552-snapshot-chain.ashishkmr472.workers.dev/state?box=ab-snapshot-chain-b20260914070552&strategy=snapshot-chain - Ok @ 9/14/2026, 2:07:21 AM
SnapshotChainBox.devboxState - Ok @ 9/14/2026, 2:07:21 AM
GET https://kinu-devbox-bench-b20260914070552-snapshot-chain.ashishkmr472.workers.dev/state?box=ab-snapshot-chain-b20260914070552&strategy=snapshot-chain - Ok @ 9/14/2026, 2:07:22 AM
SnapshotChainBox.devboxState - Ok @ 9/14/2026, 2:07:22 AM
GET https://kinu-devbox-bench-b20260914070552-snapshot-chain.ashishkmr472.workers.dev/state?box=ab-snapshot-chain-b20260914070552&strategy=snapshot-chain - Ok @ 9/14/2026, 2:07:22 AM
SnapshotChainBox.devboxState - Ok @ 9/14/2026, 2:07:22 AM
GET https://kinu-devbox-bench-b20260914070552-snapshot-chain.ashishkmr472.workers.dev/state?box=ab-snapshot-chain-b20260914070552&strategy=snapshot-chain - Ok @ 9/14/2026, 2:07:22 AM
SnapshotChainBox.devboxState - Ok @ 9/14/2026, 2:07:22 AM
GET https://kinu-devbox-bench-b20260914070552-snapshot-chain.ashishkmr472.workers.dev/state?box=ab-snapshot-chain-b20260914070552&strategy=snapshot-chain - Ok @ 9/14/2026, 2:07:22 AM
SnapshotChainBox.devboxState - Ok @ 9/14/2026, 2:07:22 AM
GET https://kinu-devbox-bench-b20260914070552-snapshot-chain.ashishkmr472.workers.dev/state?box=ab-snapshot-chain-b20260914070552&strategy=snapshot-chain - Ok @ 9/14/2026, 2:07:23 AM
SnapshotChainBox.devboxState - Ok @ 9/14/2026, 2:07:23 AM
GET https://kinu-devbox-bench-b20260914070552-snapshot-chain.ashishkmr472.workers.dev/state?box=ab-snapshot-chain-b20260914070552&strategy=snapshot-chain - Ok @ 9/14/2026, 2:07:23 AM
SnapshotChainBox.devboxState - Ok @ 9/14/2026, 2:07:23 AM
GET https://kinu-devbox-bench-b20260914070552-snapshot-chain.ashishkmr472.workers.dev/state?box=ab-snapshot-chain-b20260914070552&strategy=snapshot-chain - Ok @ 9/14/2026, 2:07:23 AM
SnapshotChainBox.devboxState - Ok @ 9/14/2026, 2:07:23 AM
GET https://kinu-devbox-bench-b20260914070552-snapshot-chain.ashishkmr472.workers.dev/state?box=ab-snapshot-chain-b20260914070552&strategy=snapshot-chain - Ok @ 9/14/2026, 2:07:24 AM
SnapshotChainBox.devboxState - Ok @ 9/14/2026, 2:07:24 AM
GET https://kinu-devbox-bench-b20260914070552-snapshot-chain.ashishkmr472.workers.dev/state?box=ab-snapshot-chain-b20260914070552&strategy=snapshot-chain - Ok @ 9/14/2026, 2:07:24 AM
SnapshotChainBox.devboxState - Ok @ 9/14/2026, 2:07:24 AM
GET https://kinu-devbox-bench-b20260914070552-snapshot-chain.ashishkmr472.workers.dev/state?box=ab-snapshot-chain-b20260914070552&strategy=snapshot-chain - Ok @ 9/14/2026, 2:07:24 AM
SnapshotChainBox.devboxState - Ok @ 9/14/2026, 2:07:24 AM
GET https://kinu-devbox-bench-b20260914070552-snapshot-chain.ashishkmr472.workers.dev/state?box=ab-snapshot-chain-b20260914070552&strategy=snapshot-chain - Ok @ 9/14/2026, 2:07:25 AM
SnapshotChainBox.devboxState - Ok @ 9/14/2026, 2:07:25 AM
GET https://kinu-devbox-bench-b20260914070552-snapshot-chain.ashishkmr472.workers.dev/state?box=ab-snapshot-chain-b20260914070552&strategy=snapshot-chain - Ok @ 9/14/2026, 2:07:25 AM
SnapshotChainBox.devboxState - Ok @ 9/14/2026, 2:07:25 AM
GET https://kinu-devbox-bench-b20260914070552-snapshot-chain.ashishkmr472.workers.dev/state?box=ab-snapshot-chain-b20260914070552&strategy=snapshot-chain - Ok @ 9/14/2026, 2:07:25 AM
SnapshotChainBox.devboxState - Ok @ 9/14/2026, 2:07:25 AM
GET https://kinu-devbox-bench-b20260914070552-snapshot-chain.ashishkmr472.workers.dev/state?box=ab-snapshot-chain-b20260914070552&strategy=snapshot-chain - Ok @ 9/14/2026, 2:07:26 AM
SnapshotChainBox.devboxState - Ok @ 9/14/2026, 2:07:26 AM
GET https://kinu-devbox-bench-b20260914070552-snapshot-chain.ashishkmr472.workers.dev/state?box=ab-snapshot-chain-b20260914070552&strategy=snapshot-chain - Ok @ 9/14/2026, 2:07:26 AM
SnapshotChainBox.devboxState - Ok @ 9/14/2026, 2:07:26 AM
GET https://kinu-devbox-bench-b20260914070552-snapshot-chain.ashishkmr472.workers.dev/state?box=ab-snapshot-chain-b20260914070552&strategy=snapshot-chain - Ok @ 9/14/2026, 2:07:26 AM
SnapshotChainBox.devboxState - Ok @ 9/14/2026, 2:07:26 AM
GET https://kinu-devbox-bench-b20260914070552-snapshot-chain.ashishkmr472.workers.dev/state?box=ab-snapshot-chain-b20260914070552&strategy=snapshot-chain - Ok @ 9/14/2026, 2:07:27 AM
SnapshotChainBox.devboxState - Ok @ 9/14/2026, 2:07:27 AM
GET https://kinu-devbox-bench-b20260914070552-snapshot-chain.ashishkmr472.workers.dev/state?box=ab-snapshot-chain-b20260914070552&strategy=snapshot-chain - Ok @ 9/14/2026, 2:07:27 AM
SnapshotChainBox.devboxState - Ok @ 9/14/2026, 2:07:27 AM
GET https://kinu-devbox-bench-b20260914070552-snapshot-chain.ashishkmr472.workers.dev/state?box=ab-snapshot-chain-b20260914070552&strategy=snapshot-chain - Ok @ 9/14/2026, 2:07:27 AM
SnapshotChainBox.devboxState - Ok @ 9/14/2026, 2:07:27 AM
GET https://kinu-devbox-bench-b20260914070552-snapshot-chain.ashishkmr472.workers.dev/state?box=ab-snapshot-chain-b20260914070552&strategy=snapshot-chain - Ok @ 9/14/2026, 2:07:27 AM
SnapshotChainBox.devboxState - Ok @ 9/14/2026, 2:07:28 AM
GET https://kinu-devbox-bench-b20260914070552-snapshot-chain.ashishkmr472.workers.dev/state?box=ab-snapshot-chain-b20260914070552&strategy=snapshot-chain - Ok @ 9/14/2026, 2:07:28 AM
SnapshotChainBox.devboxState - Ok @ 9/14/2026, 2:07:28 AM
GET https://kinu-devbox-bench-b20260914070552-snapshot-chain.ashishkmr472.workers.dev/state?box=ab-snapshot-chain-b20260914070552&strategy=snapshot-chain - Ok @ 9/14/2026, 2:07:28 AM
SnapshotChainBox.devboxState - Ok @ 9/14/2026, 2:07:28 AM
GET https://kinu-devbox-bench-b20260914070552-snapshot-chain.ashishkmr472.workers.dev/state?box=ab-snapshot-chain-b20260914070552&strategy=snapshot-chain - Ok @ 9/14/2026, 2:07:28 AM
SnapshotChainBox.devboxState - Ok @ 9/14/2026, 2:07:28 AM
GET https://kinu-devbox-bench-b20260914070552-snapshot-chain.ashishkmr472.workers.dev/state?box=ab-snapshot-chain-b20260914070552&strategy=snapshot-chain - Ok @ 9/14/2026, 2:07:29 AM
SnapshotChainBox.devboxState - Ok @ 9/14/2026, 2:07:29 AM
GET https://kinu-devbox-bench-b20260914070552-snapshot-chain.ashishkmr472.workers.dev/state?box=ab-snapshot-chain-b20260914070552&strategy=snapshot-chain - Ok @ 9/14/2026, 2:07:29 AM
SnapshotChainBox.devboxState - Ok @ 9/14/2026, 2:07:29 AM
GET https://kinu-devbox-bench-b20260914070552-snapshot-chain.ashishkmr472.workers.dev/state?box=ab-snapshot-chain-b20260914070552&strategy=snapshot-chain - Ok @ 9/14/2026, 2:07:29 AM
SnapshotChainBox.devboxState - Ok @ 9/14/2026, 2:07:29 AM
GET https://kinu-devbox-bench-b20260914070552-snapshot-chain.ashishkmr472.workers.dev/state?box=ab-snapshot-chain-b20260914070552&strategy=snapshot-chain - Ok @ 9/14/2026, 2:07:30 AM
SnapshotChainBox.devboxState - Ok @ 9/14/2026, 2:07:30 AM
GET https://kinu-devbox-bench-b20260914070552-snapshot-chain.ashishkmr472.workers.dev/state?box=ab-snapshot-chain-b20260914070552&strategy=snapshot-chain - Ok @ 9/14/2026, 2:07:30 AM
SnapshotChainBox.devboxState - Ok @ 9/14/2026, 2:07:30 AM
GET https://kinu-devbox-bench-b20260914070552-snapshot-chain.ashishkmr472.workers.dev/state?box=ab-snapshot-chain-b20260914070552&strategy=snapshot-chain - Ok @ 9/14/2026, 2:07:30 AM
SnapshotChainBox.devboxState - Ok @ 9/14/2026, 2:07:30 AM
GET https://kinu-devbox-bench-b20260914070552-snapshot-chain.ashishkmr472.workers.dev/state?box=ab-snapshot-chain-b20260914070552&strategy=snapshot-chain - Ok @ 9/14/2026, 2:07:31 AM
SnapshotChainBox.devboxState - Ok @ 9/14/2026, 2:07:31 AM
GET https://kinu-devbox-bench-b20260914070552-snapshot-chain.ashishkmr472.workers.dev/state?box=ab-snapshot-chain-b20260914070552&strategy=snapshot-chain - Ok @ 9/14/2026, 2:07:31 AM
SnapshotChainBox.devboxState - Ok @ 9/14/2026, 2:07:31 AM
GET https://kinu-devbox-bench-b20260914070552-snapshot-chain.ashishkmr472.workers.dev/state?box=ab-snapshot-chain-b20260914070552&strategy=snapshot-chain - Ok @ 9/14/2026, 2:07:31 AM
SnapshotChainBox.devboxState - Ok @ 9/14/2026, 2:07:32 AM
GET https://kinu-devbox-bench-b20260914070552-snapshot-chain.ashishkmr472.workers.dev/state?box=ab-snapshot-chain-b20260914070552&strategy=snapshot-chain - Ok @ 9/14/2026, 2:07:32 AM
SnapshotChainBox.devboxState - Ok @ 9/14/2026, 2:07:32 AM
GET https://kinu-devbox-bench-b20260914070552-snapshot-chain.ashishkmr472.workers.dev/state?box=ab-snapshot-chain-b20260914070552&strategy=snapshot-chain - Ok @ 9/14/2026, 2:07:32 AM
SnapshotChainBox.devboxState - Ok @ 9/14/2026, 2:07:32 AM
GET https://kinu-devbox-bench-b20260914070552-snapshot-chain.ashishkmr472.workers.dev/state?box=ab-snapshot-chain-b20260914070552&strategy=snapshot-chain - Ok @ 9/14/2026, 2:07:32 AM
SnapshotChainBox.devboxState - Ok @ 9/14/2026, 2:07:32 AM
GET https://kinu-devbox-bench-b20260914070552-snapshot-chain.ashishkmr472.workers.dev/state?box=ab-snapshot-chain-b20260914070552&strategy=snapshot-chain - Ok @ 9/14/2026, 2:07:33 AM
SnapshotChainBox.devboxState - Ok @ 9/14/2026, 2:07:33 AM
GET https://kinu-devbox-bench-b20260914070552-snapshot-chain.ashishkmr472.workers.dev/state?box=ab-snapshot-chain-b20260914070552&strategy=snapshot-chain - Ok @ 9/14/2026, 2:07:33 AM
SnapshotChainBox.devboxState - Ok @ 9/14/2026, 2:07:33 AM
GET https://kinu-devbox-bench-b20260914070552-snapshot-chain.ashishkmr472.workers.dev/state?box=ab-snapshot-chain-b20260914070552&strategy=snapshot-chain - Ok @ 9/14/2026, 2:07:33 AM
SnapshotChainBox.devboxState - Ok @ 9/14/2026, 2:07:33 AM
GET https://kinu-devbox-bench-b20260914070552-snapshot-chain.ashishkmr472.workers.dev/state?box=ab-snapshot-chain-b20260914070552&strategy=snapshot-chain - Ok @ 9/14/2026, 2:07:34 AM
SnapshotChainBox.devboxState - Ok @ 9/14/2026, 2:07:34 AM
GET https://kinu-devbox-bench-b20260914070552-snapshot-chain.ashishkmr472.workers.dev/state?box=ab-snapshot-chain-b20260914070552&strategy=snapshot-chain - Ok @ 9/14/2026, 2:07:34 AM
SnapshotChainBox.devboxState - Ok @ 9/14/2026, 2:07:34 AM
GET https://kinu-devbox-bench-b20260914070552-snapshot-chain.ashishkmr472.workers.dev/state?box=ab-snapshot-chain-b20260914070552&strategy=snapshot-chain - Ok @ 9/14/2026, 2:07:34 AM
SnapshotChainBox.devboxState - Ok @ 9/14/2026, 2:07:34 AM
GET https://kinu-devbox-bench-b20260914070552-snapshot-chain.ashishkmr472.workers.dev/state?box=ab-snapshot-chain-b20260914070552&strategy=snapshot-chain - Ok @ 9/14/2026, 2:07:35 AM
SnapshotChainBox.devboxState - Ok @ 9/14/2026, 2:07:35 AM
GET https://kinu-devbox-bench-b20260914070552-snapshot-chain.ashishkmr472.workers.dev/state?box=ab-snapshot-chain-b20260914070552&strategy=snapshot-chain - Ok @ 9/14/2026, 2:07:35 AM
SnapshotChainBox.devboxState - Ok @ 9/14/2026, 2:07:35 AM
GET https://kinu-devbox-bench-b20260914070552-snapshot-chain.ashishkmr472.workers.dev/state?box=ab-snapshot-chain-b20260914070552&strategy=snapshot-chain - Ok @ 9/14/2026, 2:07:35 AM
SnapshotChainBox.devboxState - Ok @ 9/14/2026, 2:07:35 AM
GET https://kinu-devbox-bench-b20260914070552-snapshot-chain.ashishkmr472.workers.dev/state?box=ab-snapshot-chain-b20260914070552&strategy=snapshot-chain - Ok @ 9/14/2026, 2:07:36 AM
SnapshotChainBox.devboxState - Ok @ 9/14/2026, 2:07:36 AM
GET https://kinu-devbox-bench-b20260914070552-snapshot-chain.ashishkmr472.workers.dev/state?box=ab-snapshot-chain-b20260914070552&strategy=snapshot-chain - Ok @ 9/14/2026, 2:07:36 AM
SnapshotChainBox.devboxState - Ok @ 9/14/2026, 2:07:36 AM
GET https://kinu-devbox-bench-b20260914070552-snapshot-chain.ashishkmr472.workers.dev/state?box=ab-snapshot-chain-b20260914070552&strategy=snapshot-chain - Ok @ 9/14/2026, 2:07:36 AM
SnapshotChainBox.devboxState - Ok @ 9/14/2026, 2:07:36 AM
GET https://kinu-devbox-bench-b20260914070552-snapshot-chain.ashishkmr472.workers.dev/state?box=ab-snapshot-chain-b20260914070552&strategy=snapshot-chain - Ok @ 9/14/2026, 2:07:37 AM
SnapshotChainBox.devboxState - Ok @ 9/14/2026, 2:07:37 AM
GET https://kinu-devbox-bench-b20260914070552-snapshot-chain.ashishkmr472.workers.dev/state?box=ab-snapshot-chain-b20260914070552&strategy=snapshot-chain - Ok @ 9/14/2026, 2:07:37 AM
SnapshotChainBox.devboxState - Ok @ 9/14/2026, 2:07:37 AM
GET https://kinu-devbox-bench-b20260914070552-snapshot-chain.ashishkmr472.workers.dev/state?box=ab-snapshot-chain-b20260914070552&strategy=snapshot-chain - Ok @ 9/14/2026, 2:07:37 AM
SnapshotChainBox.devboxState - Ok @ 9/14/2026, 2:07:37 AM
GET https://kinu-devbox-bench-b20260914070552-snapshot-chain.ashishkmr472.workers.dev/state?box=ab-snapshot-chain-b20260914070552&strategy=snapshot-chain - Ok @ 9/14/2026, 2:07:38 AM
SnapshotChainBox.devboxState - Ok @ 9/14/2026, 2:07:38 AM
GET https://kinu-devbox-bench-b20260914070552-snapshot-chain.ashishkmr472.workers.dev/state?box=ab-snapshot-chain-b20260914070552&strategy=snapshot-chain - Ok @ 9/14/2026, 2:07:38 AM
SnapshotChainBox.devboxState - Ok @ 9/14/2026, 2:07:38 AM
GET https://kinu-devbox-bench-b20260914070552-snapshot-chain.ashishkmr472.workers.dev/state?box=ab-snapshot-chain-b20260914070552&strategy=snapshot-chain - Ok @ 9/14/2026, 2:07:38 AM
SnapshotChainBox.devboxState - Ok @ 9/14/2026, 2:07:38 AM
GET https://kinu-devbox-bench-b20260914070552-snapshot-chain.ashishkmr472.workers.dev/state?box=ab-snapshot-chain-b20260914070552&strategy=snapshot-chain - Ok @ 9/14/2026, 2:07:39 AM
SnapshotChainBox.devboxState - Ok @ 9/14/2026, 2:07:39 AM
GET https://kinu-devbox-bench-b20260914070552-snapshot-chain.ashishkmr472.workers.dev/state?box=ab-snapshot-chain-b20260914070552&strategy=snapshot-chain - Ok @ 9/14/2026, 2:07:39 AM
SnapshotChainBox.devboxState - Ok @ 9/14/2026, 2:07:39 AM
GET https://kinu-devbox-bench-b20260914070552-snapshot-chain.ashishkmr472.workers.dev/state?box=ab-snapshot-chain-b20260914070552&strategy=snapshot-chain - Ok @ 9/14/2026, 2:07:39 AM
SnapshotChainBox.devboxState - Ok @ 9/14/2026, 2:07:39 AM
GET https://kinu-devbox-bench-b20260914070552-snapshot-chain.ashishkmr472.workers.dev/state?box=ab-snapshot-chain-b20260914070552&strategy=snapshot-chain - Ok @ 9/14/2026, 2:07:40 AM
SnapshotChainBox.devboxState - Ok @ 9/14/2026, 2:07:40 AM
GET https://kinu-devbox-bench-b20260914070552-snapshot-chain.ashishkmr472.workers.dev/state?box=ab-snapshot-chain-b20260914070552&strategy=snapshot-chain - Ok @ 9/14/2026, 2:07:40 AM
SnapshotChainBox.devboxState - Ok @ 9/14/2026, 2:07:40 AM
GET https://kinu-devbox-bench-b20260914070552-snapshot-chain.ashishkmr472.workers.dev/state?box=ab-snapshot-chain-b20260914070552&strategy=snapshot-chain - Ok @ 9/14/2026, 2:07:40 AM
SnapshotChainBox.devboxState - Ok @ 9/14/2026, 2:07:40 AM
GET https://kinu-devbox-bench-b20260914070552-snapshot-chain.ashishkmr472.workers.dev/state?box=ab-snapshot-chain-b20260914070552&strategy=snapshot-chain - Ok @ 9/14/2026, 2:07:41 AM
SnapshotChainBox.devboxState - Ok @ 9/14/2026, 2:07:41 AM
GET https://kinu-devbox-bench-b20260914070552-snapshot-chain.ashishkmr472.workers.dev/state?box=ab-snapshot-chain-b20260914070552&strategy=snapshot-chain - Ok @ 9/14/2026, 2:07:41 AM
SnapshotChainBox.devboxState - Ok @ 9/14/2026, 2:07:41 AM
GET https://kinu-devbox-bench-b20260914070552-snapshot-chain.ashishkmr472.workers.dev/state?box=ab-snapshot-chain-b20260914070552&strategy=snapshot-chain - Ok @ 9/14/2026, 2:07:41 AM
SnapshotChainBox.devboxState - Ok @ 9/14/2026, 2:07:41 AM
GET https://kinu-devbox-bench-b20260914070552-snapshot-chain.ashishkmr472.workers.dev/state?box=ab-snapshot-chain-b20260914070552&strategy=snapshot-chain - Ok @ 9/14/2026, 2:07:41 AM
SnapshotChainBox.devboxState - Ok @ 9/14/2026, 2:07:41 AM
GET https://kinu-devbox-bench-b20260914070552-snapshot-chain.ashishkmr472.workers.dev/state?box=ab-snapshot-chain-b20260914070552&strategy=snapshot-chain - Ok @ 9/14/2026, 2:07:42 AM
SnapshotChainBox.devboxState - Ok @ 9/14/2026, 2:07:42 AM
GET https://kinu-devbox-bench-b20260914070552-snapshot-chain.ashishkmr472.workers.dev/state?box=ab-snapshot-chain-b20260914070552&strategy=snapshot-chain - Ok @ 9/14/2026, 2:07:42 AM
SnapshotChainBox.devboxState - Ok @ 9/14/2026, 2:07:42 AM
GET https://kinu-devbox-bench-b20260914070552-snapshot-chain.ashishkmr472.workers.dev/state?box=ab-snapshot-chain-b20260914070552&strategy=snapshot-chain - Ok @ 9/14/2026, 2:07:42 AM
SnapshotChainBox.devboxState - Ok @ 9/14/2026, 2:07:42 AM
GET https://kinu-devbox-bench-b20260914070552-snapshot-chain.ashishkmr472.workers.dev/state?box=ab-snapshot-chain-b20260914070552&strategy=snapshot-chain - Ok @ 9/14/2026, 2:07:43 AM
SnapshotChainBox.devboxState - Ok @ 9/14/2026, 2:07:43 AM
GET https://kinu-devbox-bench-b20260914070552-snapshot-chain.ashishkmr472.workers.dev/state?box=ab-snapshot-chain-b20260914070552&strategy=snapshot-chain - Ok @ 9/14/2026, 2:07:43 AM
SnapshotChainBox.devboxState - Ok @ 9/14/2026, 2:07:43 AM
GET https://kinu-devbox-bench-b20260914070552-snapshot-chain.ashishkmr472.workers.dev/state?box=ab-snapshot-chain-b20260914070552&strategy=snapshot-chain - Ok @ 9/14/2026, 2:07:43 AM
SnapshotChainBox.devboxState - Ok @ 9/14/2026, 2:07:43 AM
GET https://kinu-devbox-bench-b20260914070552-snapshot-chain.ashishkmr472.workers.dev/state?box=ab-snapshot-chain-b20260914070552&strategy=snapshot-chain - Ok @ 9/14/2026, 2:07:44 AM
SnapshotChainBox.devboxState - Ok @ 9/14/2026, 2:07:44 AM
GET https://kinu-devbox-bench-b20260914070552-snapshot-chain.ashishkmr472.workers.dev/state?box=ab-snapshot-chain-b20260914070552&strategy=snapshot-chain - Ok @ 9/14/2026, 2:07:44 AM
SnapshotChainBox.devboxState - Ok @ 9/14/2026, 2:07:44 AM
GET https://kinu-devbox-bench-b20260914070552-snapshot-chain.ashishkmr472.workers.dev/state?box=ab-snapshot-chain-b20260914070552&strategy=snapshot-chain - Ok @ 9/14/2026, 2:07:44 AM
SnapshotChainBox.devboxState - Ok @ 9/14/2026, 2:07:44 AM
GET https://kinu-devbox-bench-b20260914070552-snapshot-chain.ashishkmr472.workers.dev/state?box=ab-snapshot-chain-b20260914070552&strategy=snapshot-chain - Ok @ 9/14/2026, 2:07:45 AM
SnapshotChainBox.devboxState - Ok @ 9/14/2026, 2:07:45 AM
GET https://kinu-devbox-bench-b20260914070552-snapshot-chain.ashishkmr472.workers.dev/state?box=ab-snapshot-chain-b20260914070552&strategy=snapshot-chain - Ok @ 9/14/2026, 2:07:45 AM
SnapshotChainBox.devboxState - Ok @ 9/14/2026, 2:07:45 AM
GET https://kinu-devbox-bench-b20260914070552-snapshot-chain.ashishkmr472.workers.dev/state?box=ab-snapshot-chain-b20260914070552&strategy=snapshot-chain - Ok @ 9/14/2026, 2:07:45 AM
SnapshotChainBox.devboxState - Ok @ 9/14/2026, 2:07:45 AM
GET https://kinu-devbox-bench-b20260914070552-snapshot-chain.ashishkmr472.workers.dev/state?box=ab-snapshot-chain-b20260914070552&strategy=snapshot-chain - Ok @ 9/14/2026, 2:07:46 AM
SnapshotChainBox.devboxState - Ok @ 9/14/2026, 2:07:46 AM
GET https://kinu-devbox-bench-b20260914070552-snapshot-chain.ashishkmr472.workers.dev/state?box=ab-snapshot-chain-b20260914070552&strategy=snapshot-chain - Ok @ 9/14/2026, 2:07:46 AM
SnapshotChainBox.devboxState - Ok @ 9/14/2026, 2:07:46 AM
GET https://kinu-devbox-bench-b20260914070552-snapshot-chain.ashishkmr472.workers.dev/state?box=ab-snapshot-chain-b20260914070552&strategy=snapshot-chain - Ok @ 9/14/2026, 2:07:46 AM
SnapshotChainBox.devboxState - Ok @ 9/14/2026, 2:07:46 AM
GET https://kinu-devbox-bench-b20260914070552-snapshot-chain.ashishkmr472.workers.dev/state?box=ab-snapshot-chain-b20260914070552&strategy=snapshot-chain - Ok @ 9/14/2026, 2:07:47 AM
SnapshotChainBox.devboxState - Ok @ 9/14/2026, 2:07:47 AM
GET https://kinu-devbox-bench-b20260914070552-snapshot-chain.ashishkmr472.workers.dev/state?box=ab-snapshot-chain-b20260914070552&strategy=snapshot-chain - Ok @ 9/14/2026, 2:07:47 AM
SnapshotChainBox.devboxState - Ok @ 9/14/2026, 2:07:47 AM
GET https://kinu-devbox-bench-b20260914070552-snapshot-chain.ashishkmr472.workers.dev/state?box=ab-snapshot-chain-b20260914070552&strategy=snapshot-chain - Ok @ 9/14/2026, 2:07:47 AM
SnapshotChainBox.devboxState - Ok @ 9/14/2026, 2:07:47 AM
GET https://kinu-devbox-bench-b20260914070552-snapshot-chain.ashishkmr472.workers.dev/state?box=ab-snapshot-chain-b20260914070552&strategy=snapshot-chain - Ok @ 9/14/2026, 2:07:47 AM
SnapshotChainBox.devboxState - Ok @ 9/14/2026, 2:07:47 AM
GET https://kinu-devbox-bench-b20260914070552-snapshot-chain.ashishkmr472.workers.dev/state?box=ab-snapshot-chain-b20260914070552&strategy=snapshot-chain - Ok @ 9/14/2026, 2:07:48 AM
SnapshotChainBox.devboxState - Ok @ 9/14/2026, 2:07:48 AM
GET https://kinu-devbox-bench-b20260914070552-snapshot-chain.ashishkmr472.workers.dev/state?box=ab-snapshot-chain-b20260914070552&strategy=snapshot-chain - Ok @ 9/14/2026, 2:07:48 AM
SnapshotChainBox.devboxState - Ok @ 9/14/2026, 2:07:48 AM
GET https://kinu-devbox-bench-b20260914070552-snapshot-chain.ashishkmr472.workers.dev/state?box=ab-snapshot-chain-b20260914070552&strategy=snapshot-chain - Ok @ 9/14/2026, 2:07:48 AM
SnapshotChainBox.devboxState - Ok @ 9/14/2026, 2:07:48 AM
GET https://kinu-devbox-bench-b20260914070552-snapshot-chain.ashishkmr472.workers.dev/state?box=ab-snapshot-chain-b20260914070552&strategy=snapshot-chain - Ok @ 9/14/2026, 2:07:49 AM
SnapshotChainBox.devboxState - Ok @ 9/14/2026, 2:07:49 AM
GET https://kinu-devbox-bench-b20260914070552-snapshot-chain.ashishkmr472.workers.dev/state?box=ab-snapshot-chain-b20260914070552&strategy=snapshot-chain - Ok @ 9/14/2026, 2:07:49 AM
SnapshotChainBox.devboxState - Ok @ 9/14/2026, 2:07:49 AM
GET https://kinu-devbox-bench-b20260914070552-snapshot-chain.ashishkmr472.workers.dev/state?box=ab-snapshot-chain-b20260914070552&strategy=snapshot-chain - Ok @ 9/14/2026, 2:07:49 AM
SnapshotChainBox.devboxState - Ok @ 9/14/2026, 2:07:49 AM
GET https://kinu-devbox-bench-b20260914070552-snapshot-chain.ashishkmr472.workers.dev/state?box=ab-snapshot-chain-b20260914070552&strategy=snapshot-chain - Ok @ 9/14/2026, 2:07:50 AM
SnapshotChainBox.devboxState - Ok @ 9/14/2026, 2:07:50 AM
GET https://kinu-devbox-bench-b20260914070552-snapshot-chain.ashishkmr472.workers.dev/state?box=ab-snapshot-chain-b20260914070552&strategy=snapshot-chain - Ok @ 9/14/2026, 2:07:50 AM
SnapshotChainBox.devboxState - Ok @ 9/14/2026, 2:07:50 AM
GET https://kinu-devbox-bench-b20260914070552-snapshot-chain.ashishkmr472.workers.dev/state?box=ab-snapshot-chain-b20260914070552&strategy=snapshot-chain - Ok @ 9/14/2026, 2:07:50 AM
SnapshotChainBox.devboxState - Ok @ 9/14/2026, 2:07:50 AM
GET https://kinu-devbox-bench-b20260914070552-snapshot-chain.ashishkmr472.workers.dev/state?box=ab-snapshot-chain-b20260914070552&strategy=snapshot-chain - Ok @ 9/14/2026, 2:07:51 AM
SnapshotChainBox.devboxState - Ok @ 9/14/2026, 2:07:51 AM
GET https://kinu-devbox-bench-b20260914070552-snapshot-chain.ashishkmr472.workers.dev/state?box=ab-snapshot-chain-b20260914070552&strategy=snapshot-chain - Ok @ 9/14/2026, 2:07:51 AM
SnapshotChainBox.devboxState - Ok @ 9/14/2026, 2:07:51 AM
GET https://kinu-devbox-bench-b20260914070552-snapshot-chain.ashishkmr472.workers.dev/state?box=ab-snapshot-chain-b20260914070552&strategy=snapshot-chain - Ok @ 9/14/2026, 2:07:51 AM
SnapshotChainBox.devboxState - Ok @ 9/14/2026, 2:07:51 AM
GET https://kinu-devbox-bench-b20260914070552-snapshot-chain.ashishkmr472.workers.dev/state?box=ab-snapshot-chain-b20260914070552&strategy=snapshot-chain - Ok @ 9/14/2026, 2:07:52 AM
SnapshotChainBox.devboxState - Ok @ 9/14/2026, 2:07:52 AM
GET https://kinu-devbox-bench-b20260914070552-snapshot-chain.ashishkmr472.workers.dev/state?box=ab-snapshot-chain-b20260914070552&strategy=snapshot-chain - Ok @ 9/14/2026, 2:07:52 AM
SnapshotChainBox.devboxState - Ok @ 9/14/2026, 2:07:52 AM
GET https://kinu-devbox-bench-b20260914070552-snapshot-chain.ashishkmr472.workers.dev/state?box=ab-snapshot-chain-b20260914070552&strategy=snapshot-chain - Ok @ 9/14/2026, 2:07:52 AM
SnapshotChainBox.devboxState - Ok @ 9/14/2026, 2:07:52 AM
GET https://kinu-devbox-bench-b20260914070552-snapshot-chain.ashishkmr472.workers.dev/state?box=ab-snapshot-chain-b20260914070552&strategy=snapshot-chain - Ok @ 9/14/2026, 2:07:53 AM
SnapshotChainBox.devboxState - Ok @ 9/14/2026, 2:07:53 AM
GET https://kinu-devbox-bench-b20260914070552-snapshot-chain.ashishkmr472.workers.dev/state?box=ab-snapshot-chain-b20260914070552&strategy=snapshot-chain - Ok @ 9/14/2026, 2:07:53 AM
SnapshotChainBox.devboxState - Ok @ 9/14/2026, 2:07:53 AM
GET https://kinu-devbox-bench-b20260914070552-snapshot-chain.ashishkmr472.workers.dev/state?box=ab-snapshot-chain-b20260914070552&strategy=snapshot-chain - Ok @ 9/14/2026, 2:07:53 AM
SnapshotChainBox.devboxState - Ok @ 9/14/2026, 2:07:53 AM
GET https://kinu-devbox-bench-b20260914070552-snapshot-chain.ashishkmr472.workers.dev/state?box=ab-snapshot-chain-b20260914070552&strategy=snapshot-chain - Ok @ 9/14/2026, 2:07:54 AM
SnapshotChainBox.devboxState - Ok @ 9/14/2026, 2:07:54 AM
GET https://kinu-devbox-bench-b20260914070552-snapshot-chain.ashishkmr472.workers.dev/state?box=ab-snapshot-chain-b20260914070552&strategy=snapshot-chain - Ok @ 9/14/2026, 2:07:54 AM
SnapshotChainBox.devboxState - Ok @ 9/14/2026, 2:07:54 AM
GET https://kinu-devbox-bench-b20260914070552-snapshot-chain.ashishkmr472.workers.dev/state?box=ab-snapshot-chain-b20260914070552&strategy=snapshot-chain - Ok @ 9/14/2026, 2:07:54 AM
SnapshotChainBox.devboxState - Ok @ 9/14/2026, 2:07:54 AM
GET https://kinu-devbox-bench-b20260914070552-snapshot-chain.ashishkmr472.workers.dev/state?box=ab-snapshot-chain-b20260914070552&strategy=snapshot-chain - Ok @ 9/14/2026, 2:07:54 AM
SnapshotChainBox.devboxState - Ok @ 9/14/2026, 2:07:54 AM
GET https://kinu-devbox-bench-b20260914070552-snapshot-chain.ashishkmr472.workers.dev/state?box=ab-snapshot-chain-b20260914070552&strategy=snapshot-chain - Ok @ 9/14/2026, 2:07:55 AM
SnapshotChainBox.devboxState - Ok @ 9/14/2026, 2:07:55 AM
GET https://kinu-devbox-bench-b20260914070552-snapshot-chain.ashishkmr472.workers.dev/state?box=ab-snapshot-chain-b20260914070552&strategy=snapshot-chain - Ok @ 9/14/2026, 2:07:55 AM
SnapshotChainBox.devboxState - Ok @ 9/14/2026, 2:07:55 AM
GET https://kinu-devbox-bench-b20260914070552-snapshot-chain.ashishkmr472.workers.dev/state?box=ab-snapshot-chain-b20260914070552&strategy=snapshot-chain - Ok @ 9/14/2026, 2:07:55 AM
SnapshotChainBox.devboxState - Ok @ 9/14/2026, 2:07:55 AM
GET https://kinu-devbox-bench-b20260914070552-snapshot-chain.ashishkmr472.workers.dev/state?box=ab-snapshot-chain-b20260914070552&strategy=snapshot-chain - Ok @ 9/14/2026, 2:07:56 AM
SnapshotChainBox.devboxState - Ok @ 9/14/2026, 2:07:56 AM
GET https://kinu-devbox-bench-b20260914070552-snapshot-chain.ashishkmr472.workers.dev/state?box=ab-snapshot-chain-b20260914070552&strategy=snapshot-chain - Ok @ 9/14/2026, 2:07:56 AM
SnapshotChainBox.devboxState - Ok @ 9/14/2026, 2:07:56 AM
GET https://kinu-devbox-bench-b20260914070552-snapshot-chain.ashishkmr472.workers.dev/state?box=ab-snapshot-chain-b20260914070552&strategy=snapshot-chain - Ok @ 9/14/2026, 2:07:56 AM
SnapshotChainBox.devboxState - Ok @ 9/14/2026, 2:07:56 AM
GET https://kinu-devbox-bench-b20260914070552-snapshot-chain.ashishkmr472.workers.dev/state?box=ab-snapshot-chain-b20260914070552&strategy=snapshot-chain - Ok @ 9/14/2026, 2:07:57 AM
SnapshotChainBox.devboxState - Ok @ 9/14/2026, 2:07:57 AM
GET https://kinu-devbox-bench-b20260914070552-snapshot-chain.ashishkmr472.workers.dev/state?box=ab-snapshot-chain-b20260914070552&strategy=snapshot-chain - Ok @ 9/14/2026, 2:07:57 AM
SnapshotChainBox.devboxState - Ok @ 9/14/2026, 2:07:57 AM
GET https://kinu-devbox-bench-b20260914070552-snapshot-chain.ashishkmr472.workers.dev/state?box=ab-snapshot-chain-b20260914070552&strategy=snapshot-chain - Ok @ 9/14/2026, 2:07:57 AM
SnapshotChainBox.devboxState - Ok @ 9/14/2026, 2:07:57 AM
GET https://kinu-devbox-bench-b20260914070552-snapshot-chain.ashishkmr472.workers.dev/state?box=ab-snapshot-chain-b20260914070552&strategy=snapshot-chain - Ok @ 9/14/2026, 2:07:58 AM
SnapshotChainBox.devboxState - Ok @ 9/14/2026, 2:07:58 AM
GET https://kinu-devbox-bench-b20260914070552-snapshot-chain.ashishkmr472.workers.dev/state?box=ab-snapshot-chain-b20260914070552&strategy=snapshot-chain - Ok @ 9/14/2026, 2:07:58 AM
SnapshotChainBox.devboxState - Ok @ 9/14/2026, 2:07:58 AM
GET https://kinu-devbox-bench-b20260914070552-snapshot-chain.ashishkmr472.workers.dev/state?box=ab-snapshot-chain-b20260914070552&strategy=snapshot-chain - Ok @ 9/14/2026, 2:07:58 AM
SnapshotChainBox.devboxState - Ok @ 9/14/2026, 2:07:58 AM
GET https://kinu-devbox-bench-b20260914070552-snapshot-chain.ashishkmr472.workers.dev/state?box=ab-snapshot-chain-b20260914070552&strategy=snapshot-chain - Ok @ 9/14/2026, 2:07:59 AM
SnapshotChainBox.devboxState - Ok @ 9/14/2026, 2:07:59 AM
GET https://kinu-devbox-bench-b20260914070552-snapshot-chain.ashishkmr472.workers.dev/state?box=ab-snapshot-chain-b20260914070552&strategy=snapshot-chain - Ok @ 9/14/2026, 2:07:59 AM
SnapshotChainBox.devboxState - Ok @ 9/14/2026, 2:07:59 AM
GET https://kinu-devbox-bench-b20260914070552-snapshot-chain.ashishkmr472.workers.dev/state?box=ab-snapshot-chain-b20260914070552&strategy=snapshot-chain - Ok @ 9/14/2026, 2:07:59 AM
SnapshotChainBox.devboxState - Ok @ 9/14/2026, 2:07:59 AM
GET https://kinu-devbox-bench-b20260914070552-snapshot-chain.ashishkmr472.workers.dev/state?box=ab-snapshot-chain-b20260914070552&strategy=snapshot-chain - Ok @ 9/14/2026, 2:08:00 AM
SnapshotChainBox.devboxState - Ok @ 9/14/2026, 2:08:00 AM
GET https://kinu-devbox-bench-b20260914070552-snapshot-chain.ashishkmr472.workers.dev/state?box=ab-snapshot-chain-b20260914070552&strategy=snapshot-chain - Ok @ 9/14/2026, 2:08:00 AM
SnapshotChainBox.devboxState - Ok @ 9/14/2026, 2:08:00 AM
GET https://kinu-devbox-bench-b20260914070552-snapshot-chain.ashishkmr472.workers.dev/state?box=ab-snapshot-chain-b20260914070552&strategy=snapshot-chain - Ok @ 9/14/2026, 2:08:00 AM
SnapshotChainBox.devboxState - Ok @ 9/14/2026, 2:08:00 AM
GET https://kinu-devbox-bench-b20260914070552-snapshot-chain.ashishkmr472.workers.dev/state?box=ab-snapshot-chain-b20260914070552&strategy=snapshot-chain - Ok @ 9/14/2026, 2:08:01 AM
SnapshotChainBox.devboxState - Ok @ 9/14/2026, 2:08:01 AM
GET https://kinu-devbox-bench-b20260914070552-snapshot-chain.ashishkmr472.workers.dev/state?box=ab-snapshot-chain-b20260914070552&strategy=snapshot-chain - Ok @ 9/14/2026, 2:08:01 AM
SnapshotChainBox.devboxState - Ok @ 9/14/2026, 2:08:01 AM
GET https://kinu-devbox-bench-b20260914070552-snapshot-chain.ashishkmr472.workers.dev/state?box=ab-snapshot-chain-b20260914070552&strategy=snapshot-chain - Ok @ 9/14/2026, 2:08:01 AM
SnapshotChainBox.devboxState - Ok @ 9/14/2026, 2:08:01 AM
GET https://kinu-devbox-bench-b20260914070552-snapshot-chain.ashishkmr472.workers.dev/state?box=ab-snapshot-chain-b20260914070552&strategy=snapshot-chain - Ok @ 9/14/2026, 2:08:01 AM
SnapshotChainBox.devboxState - Ok @ 9/14/2026, 2:08:01 AM
GET https://kinu-devbox-bench-b20260914070552-snapshot-chain.ashishkmr472.workers.dev/state?box=ab-snapshot-chain-b20260914070552&strategy=snapshot-chain - Ok @ 9/14/2026, 2:08:02 AM
SnapshotChainBox.devboxState - Ok @ 9/14/2026, 2:08:02 AM
GET https://kinu-devbox-bench-b20260914070552-snapshot-chain.ashishkmr472.workers.dev/state?box=ab-snapshot-chain-b20260914070552&strategy=snapshot-chain - Ok @ 9/14/2026, 2:08:02 AM
SnapshotChainBox.devboxState - Ok @ 9/14/2026, 2:08:02 AM
GET https://kinu-devbox-bench-b20260914070552-snapshot-chain.ashishkmr472.workers.dev/state?box=ab-snapshot-chain-b20260914070552&strategy=snapshot-chain - Ok @ 9/14/2026, 2:08:02 AM
SnapshotChainBox.devboxState - Ok @ 9/14/2026, 2:08:02 AM
GET https://kinu-devbox-bench-b20260914070552-snapshot-chain.ashishkmr472.workers.dev/state?box=ab-snapshot-chain-b20260914070552&strategy=snapshot-chain - Ok @ 9/14/2026, 2:08:03 AM
SnapshotChainBox.devboxState - Ok @ 9/14/2026, 2:08:03 AM
GET https://kinu-devbox-bench-b20260914070552-snapshot-chain.ashishkmr472.workers.dev/state?box=ab-snapshot-chain-b20260914070552&strategy=snapshot-chain - Ok @ 9/14/2026, 2:08:03 AM
SnapshotChainBox.devboxState - Ok @ 9/14/2026, 2:08:03 AM
GET https://kinu-devbox-bench-b20260914070552-snapshot-chain.ashishkmr472.workers.dev/state?box=ab-snapshot-chain-b20260914070552&strategy=snapshot-chain - Ok @ 9/14/2026, 2:08:03 AM
SnapshotChainBox.devboxState - Ok @ 9/14/2026, 2:08:03 AM
GET https://kinu-devbox-bench-b20260914070552-snapshot-chain.ashishkmr472.workers.dev/state?box=ab-snapshot-chain-b20260914070552&strategy=snapshot-chain - Ok @ 9/14/2026, 2:08:04 AM
SnapshotChainBox.devboxState - Ok @ 9/14/2026, 2:08:04 AM
GET https://kinu-devbox-bench-b20260914070552-snapshot-chain.ashishkmr472.workers.dev/state?box=ab-snapshot-chain-b20260914070552&strategy=snapshot-chain - Ok @ 9/14/2026, 2:08:04 AM
SnapshotChainBox.devboxState - Ok @ 9/14/2026, 2:08:04 AM
GET https://kinu-devbox-bench-b20260914070552-snapshot-chain.ashishkmr472.workers.dev/state?box=ab-snapshot-chain-b20260914070552&strategy=snapshot-chain - Ok @ 9/14/2026, 2:08:04 AM
SnapshotChainBox.devboxState - Ok @ 9/14/2026, 2:08:04 AM
GET https://kinu-devbox-bench-b20260914070552-snapshot-chain.ashishkmr472.workers.dev/state?box=ab-snapshot-chain-b20260914070552&strategy=snapshot-chain - Ok @ 9/14/2026, 2:08:05 AM
SnapshotChainBox.devboxState - Ok @ 9/14/2026, 2:08:05 AM
GET https://kinu-devbox-bench-b20260914070552-snapshot-chain.ashishkmr472.workers.dev/state?box=ab-snapshot-chain-b20260914070552&strategy=snapshot-chain - Ok @ 9/14/2026, 2:08:05 AM
SnapshotChainBox.devboxState - Ok @ 9/14/2026, 2:08:05 AM
GET https://kinu-devbox-bench-b20260914070552-snapshot-chain.ashishkmr472.workers.dev/state?box=ab-snapshot-chain-b20260914070552&strategy=snapshot-chain - Ok @ 9/14/2026, 2:08:05 AM
SnapshotChainBox.devboxState - Ok @ 9/14/2026, 2:08:05 AM
GET https://kinu-devbox-bench-b20260914070552-snapshot-chain.ashishkmr472.workers.dev/state?box=ab-snapshot-chain-b20260914070552&strategy=snapshot-chain - Ok @ 9/14/2026, 2:08:06 AM
SnapshotChainBox.devboxState - Ok @ 9/14/2026, 2:08:06 AM
GET https://kinu-devbox-bench-b20260914070552-snapshot-chain.ashishkmr472.workers.dev/state?box=ab-snapshot-chain-b20260914070552&strategy=snapshot-chain - Ok @ 9/14/2026, 2:08:06 AM
SnapshotChainBox.devboxState - Ok @ 9/14/2026, 2:08:06 AM
GET https://kinu-devbox-bench-b20260914070552-snapshot-chain.ashishkmr472.workers.dev/state?box=ab-snapshot-chain-b20260914070552&strategy=snapshot-chain - Ok @ 9/14/2026, 2:08:06 AM
SnapshotChainBox.devboxState - Ok @ 9/14/2026, 2:08:06 AM
GET https://kinu-devbox-bench-b20260914070552-snapshot-chain.ashishkmr472.workers.dev/incidents?box=ab-snapshot-chain-b20260914070552&strategy=snapshot-chain - Ok @ 9/14/2026, 2:08:07 AM
SnapshotChainBox.devboxIncidentReasons - Ok @ 9/14/2026, 2:08:07 AM
GET https://kinu-devbox-bench-b20260914070552-snapshot-chain.ashishkmr472.workers.dev/state?box=ab-snapshot-chain-b20260914070552&strategy=snapshot-chain - Ok @ 9/14/2026, 2:08:07 AM
SnapshotChainBox.devboxState - Ok @ 9/14/2026, 2:08:07 AM
SnapshotChainBox.destroyContainerForBench - Ok @ 9/14/2026, 2:08:07 AM
  (log) {
  level: 'info',
  message: 'sandbox.destroy success 0 mounts (149ms)',
  component: 'sandbox-do',
  sandboxId: '067c024ccbae4993d0793c436f1bb0aec6ca2e7aeacce959c56c9ac6920201ff',
  traceId: 'tr_55dcae37328a4d0b',
  event: 'sandbox.destroy',
  outcome: 'success',
  durationMs: 149,
  mountsProcessed: 0,
  mountFailures: 0,
  timestamp: '2026-09-14T07:08:07.414Z'
}
POST https://kinu-devbox-bench-b20260914070552-snapshot-chain.ashishkmr472.workers.dev/destroy?box=ab-snapshot-chain-b20260914070552 - Ok @ 9/14/2026, 2:08:07 AM
SnapshotChainBox.kickStartup - Ok @ 9/14/2026, 2:08:07 AM
POST https://kinu-devbox-bench-b20260914070552-snapshot-chain.ashishkmr472.workers.dev/create?box=ab-snapshot-chain-b20260914070552 - Ok @ 9/14/2026, 2:08:07 AM
SnapshotChainBox.devboxState - Ok @ 9/14/2026, 2:08:07 AM
GET https://kinu-devbox-bench-b20260914070552-snapshot-chain.ashishkmr472.workers.dev/state?box=ab-snapshot-chain-b20260914070552&strategy=snapshot-chain - Ok @ 9/14/2026, 2:08:07 AM
GET https://kinu-devbox-bench-b20260914070552-snapshot-chain.ashishkmr472.workers.dev/state?box=ab-snapshot-chain-b20260914070552&strategy=snapshot-chain - Ok @ 9/14/2026, 2:08:07 AM
SnapshotChainBox.devboxState - Ok @ 9/14/2026, 2:08:07 AM
GET https://kinu-devbox-bench-b20260914070552-snapshot-chain.ashishkmr472.workers.dev/state?box=ab-snapshot-chain-b20260914070552&strategy=snapshot-chain - Ok @ 9/14/2026, 2:08:08 AM
SnapshotChainBox.devboxState - Ok @ 9/14/2026, 2:08:08 AM
GET https://kinu-devbox-bench-b20260914070552-snapshot-chain.ashishkmr472.workers.dev/state?box=ab-snapshot-chain-b20260914070552&strategy=snapshot-chain - Ok @ 9/14/2026, 2:08:08 AM
SnapshotChainBox.devboxState - Ok @ 9/14/2026, 2:08:08 AM
GET https://kinu-devbox-bench-b20260914070552-snapshot-chain.ashishkmr472.workers.dev/state?box=ab-snapshot-chain-b20260914070552&strategy=snapshot-chain - Ok @ 9/14/2026, 2:08:08 AM
SnapshotChainBox.devboxState - Ok @ 9/14/2026, 2:08:08 AM
GET https://kinu-devbox-bench-b20260914070552-snapshot-chain.ashishkmr472.workers.dev/state?box=ab-snapshot-chain-b20260914070552&strategy=snapshot-chain - Ok @ 9/14/2026, 2:08:08 AM
SnapshotChainBox.devboxState - Ok @ 9/14/2026, 2:08:08 AM
GET https://kinu-devbox-bench-b20260914070552-snapshot-chain.ashishkmr472.workers.dev/state?box=ab-snapshot-chain-b20260914070552&strategy=snapshot-chain - Ok @ 9/14/2026, 2:08:09 AM
Alarm @ 9/14/2026, 2:08:09 AM - Canceled
SnapshotChainBox.devboxState - Ok @ 9/14/2026, 2:08:09 AM
GET https://kinu-devbox-bench-b20260914070552-snapshot-chain.ashishkmr472.workers.dev/state?box=ab-snapshot-chain-b20260914070552&strategy=snapshot-chain - Ok @ 9/14/2026, 2:08:09 AM
SnapshotChainBox.devboxState - Ok @ 9/14/2026, 2:08:09 AM
GET https://kinu-devbox-bench-b20260914070552-snapshot-chain.ashishkmr472.workers.dev/state?box=ab-snapshot-chain-b20260914070552&strategy=snapshot-chain - Ok @ 9/14/2026, 2:08:09 AM
SnapshotChainBox.devboxState - Ok @ 9/14/2026, 2:08:09 AM
GET https://kinu-devbox-bench-b20260914070552-snapshot-chain.ashishkmr472.workers.dev/state?box=ab-snapshot-chain-b20260914070552&strategy=snapshot-chain - Ok @ 9/14/2026, 2:08:10 AM
SnapshotChainBox.devboxState - Ok @ 9/14/2026, 2:08:10 AM
GET https://kinu-devbox-bench-b20260914070552-snapshot-chain.ashishkmr472.workers.dev/state?box=ab-snapshot-chain-b20260914070552&strategy=snapshot-chain - Ok @ 9/14/2026, 2:08:10 AM
SnapshotChainBox.devboxState - Ok @ 9/14/2026, 2:08:10 AM
GET https://kinu-devbox-bench-b20260914070552-snapshot-chain.ashishkmr472.workers.dev/state?box=ab-snapshot-chain-b20260914070552&strategy=snapshot-chain - Ok @ 9/14/2026, 2:08:10 AM
SnapshotChainBox.devboxState - Ok @ 9/14/2026, 2:08:10 AM
GET https://kinu-devbox-bench-b20260914070552-snapshot-chain.ashishkmr472.workers.dev/state?box=ab-snapshot-chain-b20260914070552&strategy=snapshot-chain - Ok @ 9/14/2026, 2:08:11 AM
SnapshotChainBox.devboxState - Ok @ 9/14/2026, 2:08:11 AM
GET https://kinu-devbox-bench-b20260914070552-snapshot-chain.ashishkmr472.workers.dev/state?box=ab-snapshot-chain-b20260914070552&strategy=snapshot-chain - Ok @ 9/14/2026, 2:08:11 AM
SnapshotChainBox.devboxState - Ok @ 9/14/2026, 2:08:11 AM
GET https://kinu-devbox-bench-b20260914070552-snapshot-chain.ashishkmr472.workers.dev/state?box=ab-snapshot-chain-b20260914070552&strategy=snapshot-chain - Ok @ 9/14/2026, 2:08:11 AM
SnapshotChainBox.devboxState - Ok @ 9/14/2026, 2:08:11 AM
GET https://kinu-devbox-bench-b20260914070552-snapshot-chain.ashishkmr472.workers.dev/state?box=ab-snapshot-chain-b20260914070552&strategy=snapshot-chain - Ok @ 9/14/2026, 2:08:11 AM
SnapshotChainBox.devboxState - Ok @ 9/14/2026, 2:08:11 AM
GET https://kinu-devbox-bench-b20260914070552-snapshot-chain.ashishkmr472.workers.dev/state?box=ab-snapshot-chain-b20260914070552&strategy=snapshot-chain - Ok @ 9/14/2026, 2:08:12 AM
SnapshotChainBox.devboxState - Ok @ 9/14/2026, 2:08:12 AM
GET https://kinu-devbox-bench-b20260914070552-snapshot-chain.ashishkmr472.workers.dev/state?box=ab-snapshot-chain-b20260914070552&strategy=snapshot-chain - Ok @ 9/14/2026, 2:08:12 AM
SnapshotChainBox.devboxState - Ok @ 9/14/2026, 2:08:12 AM
GET https://kinu-devbox-bench-b20260914070552-snapshot-chain.ashishkmr472.workers.dev/state?box=ab-snapshot-chain-b20260914070552&strategy=snapshot-chain - Ok @ 9/14/2026, 2:08:12 AM
SnapshotChainBox.devboxState - Ok @ 9/14/2026, 2:08:12 AM
GET https://kinu-devbox-bench-b20260914070552-snapshot-chain.ashishkmr472.workers.dev/state?box=ab-snapshot-chain-b20260914070552&strategy=snapshot-chain - Ok @ 9/14/2026, 2:08:13 AM
SnapshotChainBox.devboxState - Ok @ 9/14/2026, 2:08:13 AM
GET https://kinu-devbox-bench-b20260914070552-snapshot-chain.ashishkmr472.workers.dev/state?box=ab-snapshot-chain-b20260914070552&strategy=snapshot-chain - Ok @ 9/14/2026, 2:08:13 AM
SnapshotChainBox.devboxState - Ok @ 9/14/2026, 2:08:13 AM
GET https://kinu-devbox-bench-b20260914070552-snapshot-chain.ashishkmr472.workers.dev/state?box=ab-snapshot-chain-b20260914070552&strategy=snapshot-chain - Ok @ 9/14/2026, 2:08:13 AM
SnapshotChainBox.exec - Ok @ 9/14/2026, 2:08:07 AM
  (log) {"event":"devbox.readiness.enter","at":1789369687619,"generation":1,"running":false,"phase":"unstarted"}
  (log) {"event":"devbox.startup.flight.open","at":1789369687619,"generation":1,"running":false,"phase":"unstarted"}
  (log) {"event":"devbox.startup.admit.enter","at":1789369687619,"generation":1,"running":false}
POST https://kinu-devbox-bench-b20260914070552-snapshot-chain.ashishkmr472.workers.dev/exec?box=ab-snapshot-chain-b20260914070552 - Ok @ 9/14/2026, 2:08:07 AM
SnapshotChainBox.devboxState - Ok @ 9/14/2026, 2:08:13 AM
  (log) {"event":"devbox.startup.admit.exit","at":1789369693619,"generation":1,"ms":6000,"admitted":false,"owned":true,"running":true,"reason":"Aborted waiting for container to start as we received a cancellation signal: The operation was aborted"}
  (log) {"event":"devbox.startup.flight.exit","at":1789369693685,"generation":1,"ms":6066,"settled":true,"phase":"unstarted"}
SnapshotChainBox.devboxState - Ok @ 9/14/2026, 2:08:13 AM
GET https://kinu-devbox-bench-b20260914070552-snapshot-chain.ashishkmr472.workers.dev/state?box=ab-snapshot-chain-b20260914070552&strategy=snapshot-chain - Ok @ 9/14/2026, 2:08:13 AM
GET https://kinu-devbox-bench-b20260914070552-snapshot-chain.ashishkmr472.workers.dev/state?box=ab-snapshot-chain-b20260914070552&strategy=snapshot-chain - Ok @ 9/14/2026, 2:08:14 AM
SnapshotChainBox.devboxState - Ok @ 9/14/2026, 2:08:14 AM
GET https://kinu-devbox-bench-b20260914070552-snapshot-chain.ashishkmr472.workers.dev/state?box=ab-snapshot-chain-b20260914070552&strategy=snapshot-chain - Ok @ 9/14/2026, 2:08:14 AM
SnapshotChainBox.devboxState - Ok @ 9/14/2026, 2:08:14 AM
  (log) {"event":"devbox.startup.hook.enter","at":1789369694736,"generation":1,"phase":"unstarted"}
GET https://kinu-devbox-bench-b20260914070552-snapshot-chain.ashishkmr472.workers.dev/state?box=ab-snapshot-chain-b20260914070552&strategy=snapshot-chain - Ok @ 9/14/2026, 2:08:14 AM
SnapshotChainBox.devboxState - Ok @ 9/14/2026, 2:08:14 AM
  (log) {
  level: 'info',
  message: "sandbox.exec success mkdir -p '/var/tmp/devbox' (64ms)",
  component: 'sandbox-do',
  sandboxId: '067c024ccbae4993d0793c436f1bb0aec6ca2e7aeacce959c56c9ac6920201ff',
  traceId: 'tr_55dcae37328a4d0b',
  event: 'sandbox.exec',
  outcome: 'success',
  command: "mkdir -p '/var/tmp/devbox'",
  exitCode: 0,
  durationMs: 64,
  sessionId: 'sandbox-default',
  origin: 'user',
  timestamp: '2026-09-14T07:08:14.864Z'
}
GET https://kinu-devbox-bench-b20260914070552-snapshot-chain.ashishkmr472.workers.dev/state?box=ab-snapshot-chain-b20260914070552&strategy=snapshot-chain - Ok @ 9/14/2026, 2:08:15 AM
POST https://kinu-devbox-bench-b20260914070552-snapshot-chain.ashishkmr472.workers.dev/exec?box=ab-snapshot-chain-b20260914070552 - Ok @ 9/14/2026, 2:08:13 AM
GET https://kinu-devbox-bench-b20260914070552-snapshot-chain.ashishkmr472.workers.dev/state?box=ab-snapshot-chain-b20260914070552&strategy=snapshot-chain - Ok @ 9/14/2026, 2:08:15 AM
POST https://kinu-devbox-bench-b20260914070552-snapshot-chain.ashishkmr472.workers.dev/exec?box=ab-snapshot-chain-b20260914070552 - Ok @ 9/14/2026, 2:08:15 AM
GET https://kinu-devbox-bench-b20260914070552-snapshot-chain.ashishkmr472.workers.dev/incidents?box=ab-snapshot-chain-b20260914070552&strategy=snapshot-chain - Ok @ 9/14/2026, 2:08:15 AM
GET https://kinu-devbox-bench-b20260914070552-snapshot-chain.ashishkmr472.workers.dev/state?box=ab-snapshot-chain-b20260914070552&strategy=snapshot-chain - Ok @ 9/14/2026, 2:08:15 AM
SnapshotChainBox.devboxState - Ok @ 9/14/2026, 2:08:15 AM
SnapshotChainBox.devboxState - Ok @ 9/14/2026, 2:08:15 AM
SnapshotChainBox.exec - Ok @ 9/14/2026, 2:08:13 AM
  (log) {"event":"devbox.readiness.enter","at":1789369693914,"generation":1,"running":false,"phase":"unstarted"}
  (log) {"event":"devbox.startup.flight.open","at":1789369693914,"generation":1,"running":false,"phase":"unstarted"}
  (log) {"event":"devbox.startup.admit.enter","at":1789369693914,"generation":1,"running":false}
SnapshotChainBox.devboxIncidentReasons - Ok @ 9/14/2026, 2:08:15 AM
SnapshotChainBox.exec - Ok @ 9/14/2026, 2:08:15 AM
  (log) {"event":"devbox.readiness.enter","at":1789369695374,"generation":1,"running":true,"phase":"attached"}
  (log) {
  level: 'info',
  message: 'sandbox.exec success mkdir -p /tmp/devbox-first-exec-witness (15ms)',
  component: 'sandbox-do',
  sandboxId: '067c024ccbae4993d0793c436f1bb0aec6ca2e7aeacce959c56c9ac6920201ff',
  traceId: 'tr_55dcae37328a4d0b',
  event: 'sandbox.exec',
  outcome: 'success',
  command: 'mkdir -p /tmp/devbox-first-exec-witness',
  exitCode: 0,
  durationMs: 15,
  sessionId: 'sandbox-default',
  origin: 'user',
  timestamp: '2026-09-14T07:08:15.389Z'
}
Alarm @ 9/14/2026, 2:08:14 AM - Ok
  (log) {
  level: 'info',
  message: 'sandbox.exec success cat /tmp/devbox-boot-id 2>/dev/null || true (45ms)',
  component: 'sandbox-do',
  sandboxId: '067c024ccbae4993d0793c436f1bb0aec6ca2e7aeacce959c56c9ac6920201ff',
  traceId: 'tr_55dcae37328a4d0b',
  event: 'sandbox.exec',
  outcome: 'success',
  command: 'cat /tmp/devbox-boot-id 2>/dev/null || true',
  exitCode: 0,
  durationMs: 45,
  sessionId: 'sandbox-default',
  origin: 'user',
  timestamp: '2026-09-14T07:08:14.909Z'
}
  (log) {"event":"devbox.alarm.enter","at":1789369694914,"running":true,"retry":false}
  (log) {"event":"devbox.schedule.enter","at":1789369694914,"callback":"devboxHeartbeat","running":true}
  (log) {"event":"devbox.schedule.exit","at":1789369694914,"callback":"devboxHeartbeat","ms":0,"nextSeconds":30}
  (log) {
  level: 'info',
  message: 'sandbox.exec success cat /tmp/devbox-boot-id 2>/dev/null || true (38ms)',
  component: 'sandbox-do',
  sandboxId: '067c024ccbae4993d0793c436f1bb0aec6ca2e7aeacce959c56c9ac6920201ff',
  traceId: 'tr_55dcae37328a4d0b',
  event: 'sandbox.exec',
  outcome: 'success',
  command: 'cat /tmp/devbox-boot-id 2>/dev/null || true',
  exitCode: 0,
  durationMs: 38,
  sessionId: 'sandbox-default',
  origin: 'user',
  timestamp: '2026-09-14T07:08:14.947Z'
}
  (error) [devbox] the container instance was replaced (1 so far)
  (log) {"event":"devbox.schedule.enter","at":1789369694947,"callback":"devboxIncidents","running":true}
  (error) [devbox] incident 32d2a9c9-0399-4999-930a-0d591f5469ec at attach (delivery attempt 1): [unclassified → retry] Aborted waiting for container to start as we received a cancellation signal: The operation was aborted
  (error) [devbox] incident c2a15776-4260-4c00-bb35-74e1065a1098 at attach (delivery attempt 1): [unclassified → retry] Container request aborted.: The container is not listening in the TCP address 10.0.0.1:3000
  (error) [devbox] incident e34675c9-6cd5-48ff-b6bb-a40e6f9c0a70 at attach (delivery attempt 1): [unclassified → retry] Container request aborted.: The container is not listening in the TCP address 10.0.0.1:3000
  (log) {"event":"devbox.schedule.exit","at":1789369694947,"callback":"devboxIncidents","ms":0}
  (log) {"event":"devbox.startup.callback.enter","at":1789369694947,"generation":1,"running":true,"phase":"restoring"}
  (log) {"event":"devbox.startup.flight.join","at":1789369694947,"generation":1,"sinceMs":1033}
  (log) {
  level: 'info',
  message: 'sandbox.exec success printf %s 3a938fe6-cf3c-45d6-96f3-b5f8beb57684 > /tmp/devbox-boot-id (90ms)',
  component: 'sandbox-do',
  sandboxId: '067c024ccbae4993d0793c436f1bb0aec6ca2e7aeacce959c56c9ac6920201ff',
  traceId: 'tr_55dcae37328a4d0b',
  event: 'sandbox.exec',
  outcome: 'success',
  command: 'printf %s 3a938fe6-cf3c-45d6-96f3-b5f8beb57684 > /tmp/devbox-boot-id',
  exitCode: 0,
  durationMs: 90,
  sessionId: 'sandbox-default',
  origin: 'user',
  timestamp: '2026-09-14T07:08:15.037Z'
}
SnapshotChainBox.devboxState - Ok @ 9/14/2026, 2:08:15 AM
  (log) {
  level: 'info',
  message: 'sandbox.exec success cat /proc/mounts (87ms)',
  component: 'sandbox-do',
  sandboxId: '067c024ccbae4993d0793c436f1bb0aec6ca2e7aeacce959c56c9ac6920201ff',
  traceId: 'tr_55dcae37328a4d0b',
  event: 'sandbox.exec',
  outcome: 'success',
  command: 'cat /proc/mounts',
  exitCode: 0,
  durationMs: 87,
  sessionId: 'sandbox-default',
  origin: 'user',
  timestamp: '2026-09-14T07:08:15.124Z'
}
  (log) {
  level: 'info',
  message: "sandbox.exec success rm -rf '/var/tmp/devbox/lower-empty' '/var/tmp/devbox/upper' '/var/tmp/devbox/work' && mkdir -p '/var/tmp/devbox/lowe... (15ms)",
  component: 'sandbox-do',
  sandboxId: '067c024ccbae4993d0793c436f1bb0aec6ca2e7aeacce959c56c9ac6920201ff',
  traceId: 'tr_55dcae37328a4d0b',
  event: 'sandbox.exec',
  outcome: 'success',
  command: "rm -rf '/var/tmp/devbox/lower-empty' '/var/tmp/devbox/upper' '/var/tmp/devbox/work' && mkdir -p '/var/tmp/devbox/lowe...",
  exitCode: 0,
  durationMs: 15,
  sessionId: 'sandbox-default',
  origin: 'user',
  commandTruncated: true,
  timestamp: '2026-09-14T07:08:15.139Z'
}
  (log) {
  level: 'info',
  message: "sandbox.exec success mkdir -p '/var/tmp/devbox/upper' '/var/tmp/devbox/work' && /usr/bin/fuse-overlayfs -o lowerdir='/var/tmp/devbox/lower... (21ms)",
  component: 'sandbox-do',
  sandboxId: '067c024ccbae4993d0793c436f1bb0aec6ca2e7aeacce959c56c9ac6920201ff',
  traceId: 'tr_55dcae37328a4d0b',
  event: 'sandbox.exec',
  outcome: 'success',
  command: "mkdir -p '/var/tmp/devbox/upper' '/var/tmp/devbox/work' && /usr/bin/fuse-overlayfs -o lowerdir='/var/tmp/devbox/lower...",
  exitCode: 0,
  durationMs: 21,
  sessionId: 'sandbox-default',
  origin: 'user',
  commandTruncated: true,
  timestamp: '2026-09-14T07:08:15.160Z'
}
  (log) {
  level: 'info',
  message: 'sandbox.exec success cat /proc/mounts (11ms)',
  component: 'sandbox-do',
  sandboxId: '067c024ccbae4993d0793c436f1bb0aec6ca2e7aeacce959c56c9ac6920201ff',
  traceId: 'tr_55dcae37328a4d0b',
  event: 'sandbox.exec',
  outcome: 'success',
  command: 'cat /proc/mounts',
  exitCode: 0,
  durationMs: 11,
  sessionId: 'sandbox-default',
  origin: 'user',
  timestamp: '2026-09-14T07:08:15.171Z'
}
  (log) {
  level: 'info',
  message: "sandbox.exec success test -e '/var/tmp/devbox/upper' && echo yes || echo no (57ms)",
  component: 'sandbox-do',
  sandboxId: '067c024ccbae4993d0793c436f1bb0aec6ca2e7aeacce959c56c9ac6920201ff',
  traceId: 'tr_55dcae37328a4d0b',
  event: 'sandbox.exec',
  outcome: 'success',
  command: "test -e '/var/tmp/devbox/upper' && echo yes || echo no",
  exitCode: 0,
  durationMs: 57,
  sessionId: 'sandbox-default',
  origin: 'user',
  timestamp: '2026-09-14T07:08:15.228Z'
}
  (log) [devbox] attach empty: no chain recorded; an empty overlay is attached
  (log) {
  level: 'info',
  message: 'sandbox.exec success cat /tmp/devbox-boot-id 2>/dev/null || true (47ms)',
  component: 'sandbox-do',
  sandboxId: '067c024ccbae4993d0793c436f1bb0aec6ca2e7aeacce959c56c9ac6920201ff',
  traceId: 'tr_55dcae37328a4d0b',
  event: 'sandbox.exec',
  outcome: 'success',
  command: 'cat /tmp/devbox-boot-id 2>/dev/null || true',
  exitCode: 0,
  durationMs: 47,
  sessionId: 'sandbox-default',
  origin: 'user',
  timestamp: '2026-09-14T07:08:15.275Z'
}
  (log) {"event":"devbox.startup.hook.exit","at":1789369695275,"generation":1,"ms":539,"settled":true,"phase":"attached"}
  (log) {"event":"devbox.startup.admit.exit","at":1789369695275,"generation":1,"ms":1361,"admitted":true,"owned":true}
  (log) {"event":"devbox.startup.flight.exit","at":1789369695275,"generation":1,"ms":1361,"settled":true,"phase":"attached"}
  (log) {"event":"devbox.startup.callback.exit","at":1789369695275,"generation":1,"ms":328,"phase":"attached"}
  (log) {"event":"devbox.startup.callback.enter","at":1789369695275,"generation":1,"running":true,"phase":"attached"}
  (log) {"event":"devbox.startup.callback.exit","at":1789369695275,"generation":1,"ms":0,"phase":"attached"}
  (log) {"event":"devbox.startup.callback.enter","at":1789369695275,"generation":1,"running":true,"phase":"attached"}
  (log) {"event":"devbox.startup.callback.exit","at":1789369695275,"generation":1,"ms":0,"phase":"attached"}
  (log) {"event":"devbox.startup.callback.enter","at":1789369695275,"generation":1,"running":true,"phase":"attached"}
  (log) {"event":"devbox.startup.callback.exit","at":1789369695275,"generation":1,"ms":0,"phase":"attached"}
  (log) {"event":"devbox.startup.callback.enter","at":1789369695275,"generation":1,"running":true,"phase":"attached"}
  (log) {"event":"devbox.startup.callback.exit","at":1789369695275,"generation":1,"ms":0,"phase":"attached"}
  (log) {"event":"devbox.startup.callback.enter","at":1789369695275,"generation":1,"running":true,"phase":"attached"}
  (log) {"event":"devbox.startup.callback.exit","at":1789369695275,"generation":1,"ms":0,"phase":"attached"}
  (log) {"event":"devbox.startup.callback.enter","at":1789369695275,"generation":1,"running":true,"phase":"attached"}
  (log) {"event":"devbox.startup.callback.exit","at":1789369695275,"generation":1,"ms":0,"phase":"attached"}
  (log) {"event":"devbox.startup.callback.enter","at":1789369695275,"generation":1,"running":true,"phase":"attached"}
  (log) {"event":"devbox.startup.callback.exit","at":1789369695275,"generation":1,"ms":0,"phase":"attached"}
  (log) {"event":"devbox.startup.callback.enter","at":1789369695275,"generation":1,"running":true,"phase":"attached"}
  (log) {"event":"devbox.startup.callback.exit","at":1789369695275,"generation":1,"ms":0,"phase":"attached"}
  (log) {"event":"devbox.startup.callback.enter","at":1789369695275,"generation":1,"running":true,"phase":"attached"}
  (log) {"event":"devbox.startup.callback.exit","at":1789369695275,"generation":1,"ms":0,"phase":"attached"}
  (log) {"event":"devbox.startup.callback.enter","at":1789369695275,"generation":1,"running":true,"phase":"attached"}
  (log) {"event":"devbox.startup.callback.exit","at":1789369695275,"generation":1,"ms":0,"phase":"attached"}
  (log) {"event":"devbox.startup.callback.enter","at":1789369695275,"generation":1,"running":true,"phase":"attached"}
  (log) {"event":"devbox.startup.callback.exit","at":1789369695275,"generation":1,"ms":0,"phase":"attached"}
  (log) {"event":"devbox.startup.callback.enter","at":1789369695275,"generation":1,"running":true,"phase":"attached"}
  (log) {"event":"devbox.startup.callback.exit","at":1789369695275,"generation":1,"ms":0,"phase":"attached"}
  (log) {"event":"devbox.startup.callback.enter","at":1789369695275,"generation":1,"running":true,"phase":"attached"}
  (log) {"event":"devbox.startup.callback.exit","at":1789369695275,"generation":1,"ms":0,"phase":"attached"}
  (log) {"event":"devbox.startup.callback.enter","at":1789369695275,"generation":1,"running":true,"phase":"attached"}
  (log) {"event":"devbox.startup.callback.exit","at":1789369695275,"generation":1,"ms":0,"phase":"attached"}
  (log) {"event":"devbox.startup.callback.enter","at":1789369695275,"generation":1,"running":true,"phase":"attached"}
  (log) {"event":"devbox.startup.callback.exit","at":1789369695275,"generation":1,"ms":0,"phase":"attached"}
  (log) {"event":"devbox.startup.callback.enter","at":1789369695275,"generation":1,"running":true,"phase":"attached"}
  (log) {"event":"devbox.startup.callback.exit","at":1789369695275,"generation":1,"ms":0,"phase":"attached"}
  (log) {"event":"devbox.startup.callback.enter","at":1789369695275,"generation":1,"running":true,"phase":"attached"}
  (log) {"event":"devbox.startup.callback.exit","at":1789369695275,"generation":1,"ms":0,"phase":"attached"}
  (log) {"event":"devbox.startup.callback.enter","at":1789369695275,"generation":1,"running":true,"phase":"attached"}
  (log) {"event":"devbox.startup.callback.exit","at":1789369695275,"generation":1,"ms":0,"phase":"attached"}
  (log) {"event":"devbox.startup.callback.enter","at":1789369695275,"generation":1,"running":true,"phase":"attached"}
  (log) {"event":"devbox.startup.callback.exit","at":1789369695275,"generation":1,"ms":0,"phase":"attached"}
  (log) {"event":"devbox.startup.callback.enter","at":1789369695275,"generation":1,"running":true,"phase":"attached"}
  (log) {"event":"devbox.startup.callback.exit","at":1789369695275,"generation":1,"ms":0,"phase":"attached"}
  (log) {"event":"devbox.startup.callback.enter","at":1789369695275,"generation":1,"running":true,"phase":"attached"}
  (log) {"event":"devbox.startup.callback.exit","at":1789369695275,"generation":1,"ms":0,"phase":"attached"}
  (log) {"event":"devbox.startup.callback.enter","at":1789369695275,"generation":1,"running":true,"phase":"attached"}
  (log) {"event":"devbox.startup.callback.exit","at":1789369695275,"generation":1,"ms":0,"phase":"attached"}
  (log) {"event":"devbox.startup.callback.enter","at":1789369695275,"generation":1,"running":true,"phase":"attached"}
  (log) {"event":"devbox.startup.callback.exit","at":1789369695275,"generation":1,"ms":0,"phase":"attached"}
  (log) {"event":"devbox.startup.callback.enter","at":1789369695275,"generation":1,"running":true,"phase":"attached"}
  (log) {"event":"devbox.startup.callback.exit","at":1789369695275,"generation":1,"ms":0,"phase":"attached"}
  (log) {"event":"devbox.startup.callback.enter","at":1789369695275,"generation":1,"running":true,"phase":"attached"}
  (log) {"event":"devbox.startup.callback.exit","at":1789369695275,"generation":1,"ms":0,"phase":"attached"}
  (log) {"event":"devbox.startup.callback.enter","at":1789369695275,"generation":1,"running":true,"phase":"attached"}
  (log) {"event":"devbox.startup.callback.exit","at":1789369695275,"generation":1,"ms":0,"phase":"attached"}
  (log) {"event":"devbox.startup.callback.enter","at":1789369695275,"generation":1,"running":true,"phase":"attached"}
  (log) {"event":"devbox.startup.callback.exit","at":1789369695275,"generation":1,"ms":0,"phase":"attached"}
  (log) {"event":"devbox.startup.callback.enter","at":1789369695275,"generation":1,"running":true,"phase":"attached"}
  (log) {"event":"devbox.startup.callback.exit","at":1789369695275,"generation":1,"ms":0,"phase":"attached"}
  (log) {"event":"devbox.startup.callback.enter","at":1789369695275,"generation":1,"running":true,"phase":"attached"}
  (log) {"event":"devbox.startup.callback.exit","at":1789369695275,"generation":1,"ms":0,"phase":"attached"}
  (log) {"event":"devbox.startup.callback.enter","at":1789369695275,"generation":1,"running":true,"phase":"attached"}
  (log) {"event":"devbox.startup.callback.exit","at":1789369695275,"generation":1,"ms":0,"phase":"attached"}
  (log) {"event":"devbox.startup.callback.enter","at":1789369695275,"generation":1,"running":true,"phase":"attached"}
  (log) {"event":"devbox.startup.callback.exit","at":1789369695275,"generation":1,"ms":0,"phase":"attached"}
  (log) {"event":"devbox.startup.callback.enter","at":1789369695275,"generation":1,"running":true,"phase":"attached"}
  (log) {"event":"devbox.startup.callback.exit","at":1789369695275,"generation":1,"ms":0,"phase":"attached"}
  (log) {"event":"devbox.startup.callback.enter","at":1789369695275,"generation":1,"running":true,"phase":"attached"}
  (log) {"event":"devbox.startup.callback.exit","at":1789369695275,"generation":1,"ms":0,"phase":"attached"}
  (log) {"event":"devbox.startup.callback.enter","at":1789369695275,"generation":1,"running":true,"phase":"attached"}
  (log) {"event":"devbox.startup.callback.exit","at":1789369695275,"generation":1,"ms":0,"phase":"attached"}
  (log) {"event":"devbox.startup.callback.enter","at":1789369695275,"generation":1,"running":true,"phase":"attached"}
  (log) {"event":"devbox.startup.callback.exit","at":1789369695275,"generation":1,"ms":0,"phase":"attached"}
  (log) {"event":"devbox.startup.callback.enter","at":1789369695275,"generation":1,"running":true,"phase":"attached"}
  (log) {"event":"devbox.startup.callback.exit","at":1789369695275,"generation":1,"ms":0,"phase":"attached"}
  (log) {"event":"devbox.startup.callback.enter","at":1789369695275,"generation":1,"running":true,"phase":"attached"}
  (log) {"event":"devbox.startup.callback.exit","at":1789369695275,"generation":1,"ms":0,"phase":"attached"}
  (log) {"event":"devbox.startup.callback.enter","at":1789369695275,"generation":1,"running":true,"phase":"attached"}
  (log) {"event":"devbox.startup.callback.exit","at":1789369695275,"generation":1,"ms":0,"phase":"attached"}
  (log) {"event":"devbox.startup.callback.enter","at":1789369695275,"generation":1,"running":true,"phase":"attached"}
  (log) {"event":"devbox.startup.callback.exit","at":1789369695275,"generation":1,"ms":0,"phase":"attached"}
  (log) {"event":"devbox.startup.callback.enter","at":1789369695275,"generation":1,"running":true,"phase":"attached"}
  (log) {"event":"devbox.startup.callback.exit","at":1789369695275,"generation":1,"ms":0,"phase":"attached"}
  (log) {"event":"devbox.startup.callback.enter","at":1789369695275,"generation":1,"running":true,"phase":"attached"}
  (log) {"event":"devbox.startup.callback.exit","at":1789369695275,"generation":1,"ms":0,"phase":"attached"}
  (log) {"event":"devbox.startup.callback.enter","at":1789369695275,"generation":1,"running":true,"phase":"attached"}
  (log) {"event":"devbox.startup.callback.exit","at":1789369695275,"generation":1,"ms":0,"phase":"attached"}
  (log) {"event":"devbox.startup.callback.enter","at":1789369695275,"generation":1,"running":true,"phase":"attached"}
  (log) {"event":"devbox.startup.callback.exit","at":1789369695275,"generation":1,"ms":0,"phase":"attached"}
  (log) {"event":"devbox.startup.callback.enter","at":1789369695275,"generation":1,"running":true,"phase":"attached"}
  (log) {"event":"devbox.startup.callback.exit","at":1789369695275,"generation":1,"ms":0,"phase":"attached"}
  (log) {"event":"devbox.startup.callback.enter","at":1789369695275,"generation":1,"running":true,"phase":"attached"}
  (log) {"event":"devbox.startup.callback.exit","at":1789369695275,"generation":1,"ms":0,"phase":"attached"}
  (log) {"event":"devbox.startup.callback.enter","at":1789369695275,"generation":1,"running":true,"phase":"attached"}
  (log) {"event":"devbox.startup.callback.exit","at":1789369695275,"generation":1,"ms":0,"phase":"attached"}
  (log) {"event":"devbox.startup.callback.enter","at":1789369695275,"generation":1,"running":true,"phase":"attached"}
  (log) {"event":"devbox.startup.callback.exit","at":1789369695275,"generation":1,"ms":0,"phase":"attached"}
  (log) {"event":"devbox.startup.callback.enter","at":1789369695275,"generation":1,"running":true,"phase":"attached"}
  (log) {"event":"devbox.startup.callback.exit","at":1789369695275,"generation":1,"ms":0,"phase":"attached"}
  (log) {"event":"devbox.startup.callback.enter","at":1789369695275,"generation":1,"running":true,"phase":"attached"}
  (log) {"event":"devbox.startup.callback.exit","at":1789369695275,"generation":1,"ms":0,"phase":"attached"}
  (log) {"event":"devbox.startup.callback.enter","at":1789369695275,"generation":1,"running":true,"phase":"attached"}
  (log) {"event":"devbox.startup.callback.exit","at":1789369695275,"generation":1,"ms":0,"phase":"attached"}
  (log) {"event":"devbox.startup.callback.enter","at":1789369695275,"generation":1,"running":true,"phase":"attached"}
  (log) {"event":"devbox.startup.callback.exit","at":1789369695275,"generation":1,"ms":0,"phase":"attached"}
  (log) {"event":"devbox.startup.callback.enter","at":1789369695275,"generation":1,"running":true,"phase":"attached"}
  (log) {"event":"devbox.startup.callback.exit","at":1789369695275,"generation":1,"ms":0,"phase":"attached"}
  (log) {"event":"devbox.startup.callback.enter","at":1789369695275,"generation":1,"running":true,"phase":"attached"}
  (log) {"event":"devbox.startup.callback.exit","at":1789369695275,"generation":1,"ms":0,"phase":"attached"}
  (log) {"event":"devbox.startup.callback.enter","at":1789369695275,"generation":1,"running":true,"phase":"attached"}
  (log) {"event":"devbox.startup.callback.exit","at":1789369695275,"generation":1,"ms":0,"phase":"attached"}
  (log) {"event":"devbox.startup.callback.enter","at":1789369695275,"generation":1,"running":true,"phase":"attached"}
  (log) {"event":"devbox.startup.callback.exit","at":1789369695275,"generation":1,"ms":0,"phase":"attached"}
  (log) {"event":"devbox.startup.callback.enter","at":1789369695275,"generation":1,"running":true,"phase":"attached"}
  (log) {"event":"devbox.startup.callback.exit","at":1789369695275,"generation":1,"ms":0,"phase":"attached"}
  (log) {"event":"devbox.startup.callback.enter","at":1789369695275,"generation":1,"running":true,"phase":"attached"}
  (log) {"event":"devbox.startup.callback.exit","at":1789369695275,"generation":1,"ms":0,"phase":"attached"}
  (log) {"event":"devbox.startup.callback.enter","at":1789369695275,"generation":1,"running":true,"phase":"attached"}
  (log) {"event":"devbox.startup.callback.exit","at":1789369695275,"generation":1,"ms":0,"phase":"attached"}
  (log) {"event":"devbox.startup.callback.enter","at":1789369695275,"generation":1,"running":true,"phase":"attached"}
  (log) {"event":"devbox.startup.callback.exit","at":1789369695275,"generation":1,"ms":0,"phase":"attached"}
  (log) {"event":"devbox.startup.callback.enter","at":1789369695275,"generation":1,"running":true,"phase":"attached"}
  (log) {"event":"devbox.startup.callback.exit","at":1789369695275,"generation":1,"ms":0,"phase":"attached"}
  (log) {"event":"devbox.startup.callback.enter","at":1789369695275,"generation":1,"running":true,"phase":"attached"}
  (log) {"event":"devbox.startup.callback.exit","at":1789369695275,"generation":1,"ms":0,"phase":"attached"}
  (log) {"event":"devbox.startup.callback.enter","at":1789369695275,"generation":1,"running":true,"phase":"attached"}
  (log) {"event":"devbox.startup.callback.exit","at":1789369695275,"generation":1,"ms":0,"phase":"attached"}
  (log) {"event":"devbox.startup.callback.enter","at":1789369695275,"generation":1,"running":true,"phase":"attached"}
  (log) {"event":"devbox.startup.callback.exit","at":1789369695275,"generation":1,"ms":0,"phase":"attached"}
  (log) {"event":"devbox.startup.callback.enter","at":1789369695275,"generation":1,"running":true,"phase":"attached"}
  (log) {"event":"devbox.startup.callback.exit","at":1789369695275,"generation":1,"ms":0,"phase":"attached"}
  (log) {"event":"devbox.startup.callback.enter","at":1789369695275,"generation":1,"running":true,"phase":"attached"}
  (log) {"event":"devbox.startup.callback.exit","at":1789369695275,"generation":1,"ms":0,"phase":"attached"}
  (log) {"event":"devbox.startup.callback.enter","at":1789369695275,"generation":1,"running":true,"phase":"attached"}
  (log) {"event":"devbox.startup.callback.exit","at":1789369695275,"generation":1,"ms":0,"phase":"attached"}
  (log) {"event":"devbox.startup.callback.enter","at":1789369695275,"generation":1,"running":true,"phase":"attached"}
  (log) {"event":"devbox.startup.callback.exit","at":1789369695275,"generation":1,"ms":0,"phase":"attached"}
  (log) {"event":"devbox.startup.callback.enter","at":1789369695275,"generation":1,"running":true,"phase":"attached"}
  (log) {"event":"devbox.startup.callback.exit","at":1789369695275,"generation":1,"ms":0,"phase":"attached"}
  (log) {"event":"devbox.startup.callback.enter","at":1789369695275,"generation":1,"running":true,"phase":"attached"}
  (log) {"event":"devbox.startup.callback.exit","at":1789369695275,"generation":1,"ms":0,"phase":"attached"}
  (log) {"event":"devbox.startup.callback.enter","at":1789369695275,"generation":1,"running":true,"phase":"attached"}
  (log) {"event":"devbox.startup.callback.exit","at":1789369695275,"generation":1,"ms":0,"phase":"attached"}
  (log) {"event":"devbox.startup.callback.enter","at":1789369695275,"generation":1,"running":true,"phase":"attached"}
  (log) {"event":"devbox.startup.callback.exit","at":1789369695275,"generation":1,"ms":0,"phase":"attached"}
  (log) {"event":"devbox.startup.callback.enter","at":1789369695275,"generation":1,"running":true,"phase":"attached"}
  (log) {"event":"devbox.startup.callback.exit","at":1789369695275,"generation":1,"ms":0,"phase":"attached"}
  (log) {"event":"devbox.startup.callback.enter","at":1789369695275,"generation":1,"running":true,"phase":"attached"}
  (log) {"event":"devbox.startup.callback.exit","at":1789369695275,"generation":1,"ms":0,"phase":"attached"}
  (log) {"event":"devbox.startup.callback.enter","at":1789369695275,"generation":1,"running":true,"phase":"attached"}
  (log) {"event":"devbox.startup.callback.exit","at":1789369695275,"generation":1,"ms":0,"phase":"attached"}
  (log) {"event":"devbox.startup.callback.enter","at":1789369695275,"generation":1,"running":true,"phase":"attached"}
  (log) {"event":"devbox.startup.callback.exit","at":1789369695275,"generation":1,"ms":0,"phase":"attached"}
  (log) {"event":"devbox.startup.callback.enter","at":1789369695275,"generation":1,"running":true,"phase":"attached"}
  (log) {"event":"devbox.startup.callback.exit","at":1789369695275,"generation":1,"ms":0,"phase":"attached"}
  (log) {"event":"devbox.startup.callback.enter","at":1789369695275,"generation":1,"running":true,"phase":"attached"}
  (log) {"event":"devbox.startup.callback.exit","at":1789369695275,"generation":1,"ms":0,"phase":"attached"}
  (log) {"event":"devbox.startup.callback.enter","at":1789369695275,"generation":1,"running":true,"phase":"attached"}
  (log) {"event":"devbox.startup.callback.exit","at":1789369695275,"generation":1,"ms":0,"phase":"attached"}
  (log) {"event":"devbox.startup.callback.enter","at":1789369695275,"generation":1,"running":true,"phase":"attached"}
  (log) {"event":"devbox.startup.callback.exit","at":1789369695275,"generation":1,"ms":0,"phase":"attached"}
  (log) {"event":"devbox.startup.callback.enter","at":1789369695275,"generation":1,"running":true,"phase":"attached"}
  (log) {"event":"devbox.startup.callback.exit","at":1789369695275,"generation":1,"ms":0,"phase":"attached"}
  (log) {"event":"devbox.startup.callback.enter","at":1789369695275,"generation":1,"running":true,"phase":"attached"}
  (log) {"event":"devbox.startup.callback.exit","at":1789369695275,"generation":1,"ms":0,"phase":"attached"}
  (log) {"event":"devbox.startup.callback.enter","at":1789369695275,"generation":1,"running":true,"phase":"attached"}
  (log) {"event":"devbox.startup.callback.exit","at":1789369695275,"generation":1,"ms":0,"phase":"attached"}
  (log) {"event":"devbox.startup.callback.enter","at":1789369695275,"generation":1,"running":true,"phase":"attached"}
  (log) {"event":"devbox.startup.callback.exit","at":1789369695275,"generation":1,"ms":0,"phase":"attached"}
  (log) {"event":"devbox.startup.callback.enter","at":1789369695275,"generation":1,"running":true,"phase":"attached"}
  (log) {"event":"devbox.startup.callback.exit","at":1789369695275,"generation":1,"ms":0,"phase":"attached"}
  (log) {"event":"devbox.startup.callback.enter","at":1789369695275,"generation":1,"running":true,"phase":"attached"}
  (log) {"event":"devbox.startup.callback.exit","at":1789369695275,"generation":1,"ms":0,"phase":"attached"}
  (log) {"event":"devbox.startup.callback.enter","at":1789369695275,"generation":1,"running":true,"phase":"attached"}
  (log) {"event":"devbox.startup.callback.exit","at":1789369695275,"generation":1,"ms":0,"phase":"attached"}
  (log) {"event":"devbox.startup.callback.enter","at":1789369695275,"generation":1,"running":true,"phase":"attached"}
  (log) {"event":"devbox.startup.callback.exit","at":1789369695275,"generation":1,"ms":0,"phase":"attached"}
  (log) {"event":"devbox.startup.callback.enter","at":1789369695275,"generation":1,"running":true,"phase":"attached"}
  (log) {"event":"devbox.startup.callback.exit","at":1789369695275,"generation":1,"ms":0,"phase":"attached"}
  (log) {"event":"devbox.startup.callback.enter","at":1789369695275,"generation":1,"running":true,"phase":"attached"}
  (log) {"event":"devbox.startup.callback.exit","at":1789369695275,"generation":1,"ms":0,"phase":"attached"}
  (log) {"event":"devbox.startup.callback.enter","at":1789369695275,"generation":1,"running":true,"phase":"attached"}
  (log) {"event":"devbox.startup.callback.exit","at":1789369695275,"generation":1,"ms":0,"phase":"attached"}
  (log) {"event":"devbox.startup.callback.enter","at":1789369695275,"generation":1,"running":true,"phase":"attached"}
  (log) {"event":"devbox.startup.callback.exit","at":1789369695275,"generation":1,"ms":0,"phase":"attached"}
  (log) {"event":"devbox.startup.callback.enter","at":1789369695275,"generation":1,"running":true,"phase":"attached"}
  (log) {"event":"devbox.startup.callback.exit","at":1789369695275,"generation":1,"ms":0,"phase":"attached"}
  (log) {"event":"devbox.startup.callback.enter","at":1789369695275,"generation":1,"running":true,"phase":"attached"}
  (log) {"event":"devbox.startup.callback.exit","at":1789369695275,"generation":1,"ms":0,"phase":"attached"}
  (log) {"event":"devbox.startup.callback.enter","at":1789369695275,"generation":1,"running":true,"phase":"attached"}
  (log) {"event":"devbox.startup.callback.exit","at":1789369695275,"generation":1,"ms":0,"phase":"attached"}
  (log) {"event":"devbox.startup.callback.enter","at":1789369695275,"generation":1,"running":true,"phase":"attached"}
  (log) {"event":"devbox.startup.callback.exit","at":1789369695275,"generation":1,"ms":0,"phase":"attached"}
  (log) {"event":"devbox.startup.callback.enter","at":1789369695275,"generation":1,"running":true,"phase":"attached"}
  (log) {"event":"devbox.startup.callback.exit","at":1789369695275,"generation":1,"ms":0,"phase":"attached"}
  (log) {"event":"devbox.startup.callback.enter","at":1789369695275,"generation":1,"running":true,"phase":"attached"}
  (log) {"event":"devbox.startup.callback.exit","at":1789369695275,"generation":1,"ms":0,"phase":"attached"}
  (log) {"event":"devbox.startup.callback.enter","at":1789369695275,"generation":1,"running":true,"phase":"attached"}
  (log) {"event":"devbox.startup.callback.exit","at":1789369695275,"generation":1,"ms":0,"phase":"attached"}
  (log) {"event":"devbox.startup.callback.enter","at":1789369695275,"generation":1,"running":true,"phase":"attached"}
  (log) {"event":"devbox.startup.callback.exit","at":1789369695275,"generation":1,"ms":0,"phase":"attached"}
  (log) {"event":"devbox.startup.callback.enter","at":1789369695275,"generation":1,"running":true,"phase":"attached"}
  (log) {"event":"devbox.startup.callback.exit","at":1789369695275,"generation":1,"ms":0,"phase":"attached"}
  (log) {"event":"devbox.startup.callback.enter","at":1789369695275,"generation":1,"running":true,"phase":"attached"}
  (log) {"event":"devbox.startup.callback.exit","at":1789369695275,"generation":1,"ms":0,"phase":"attached"}
  (log) {"event":"devbox.startup.callback.enter","at":1789369695275,"generation":1,"running":true,"phase":"attached"}
  (log) {"event":"devbox.startup.callback.exit","at":1789369695275,"generation":1,"ms":0,"phase":"attached"}
  (log) {"event":"devbox.startup.callback.enter","at":1789369695275,"generation":1,"running":true,"phase":"attached"}
  (log) {"event":"devbox.startup.callback.exit","at":1789369695275,"generation":1,"ms":0,"phase":"attached"}
  (log) {"event":"devbox.startup.callback.enter","at":1789369695275,"generation":1,"running":true,"phase":"attached"}
  (log) {"event":"devbox.startup.callback.exit","at":1789369695275,"generation":1,"ms":0,"phase":"attached"}
  (log) {"event":"devbox.startup.callback.enter","at":1789369695275,"generation":1,"running":true,"phase":"attached"}
  (log) {"event":"devbox.startup.callback.exit","at":1789369695275,"generation":1,"ms":0,"phase":"attached"}
  (log) {"event":"devbox.startup.callback.enter","at":1789369695275,"generation":1,"running":true,"phase":"attached"}
  (log) {"event":"devbox.startup.callback.exit","at":1789369695275,"generation":1,"ms":0,"phase":"attached"}
  (log) {"event":"devbox.startup.callback.enter","at":1789369695275,"generation":1,"running":true,"phase":"attached"}
  (log) {"event":"devbox.startup.callback.exit","at":1789369695275,"generation":1,"ms":0,"phase":"attached"}
  (log) {"event":"devbox.startup.callback.enter","at":1789369695275,"generation":1,"running":true,"phase":"attached"}
  (log) {"event":"devbox.startup.callback.exit","at":1789369695275,"generation":1,"ms":0,"phase":"attached"}
  (log) {"event":"devbox.startup.callback.enter","at":1789369695275,"generation":1,"running":true,"phase":"attached"}
  (log) {"event":"devbox.startup.callback.exit","at":1789369695275,"generation":1,"ms":0,"phase":"attached"}
  (log) {"event":"devbox.startup.callback.enter","at":1789369695275,"generation":1,"running":true,"phase":"attached"}
  (log) {"event":"devbox.startup.callback.exit","at":1789369695275,"generation":1,"ms":0,"phase":"attached"}
  (log) {"event":"devbox.startup.callback.enter","at":1789369695275,"generation":1,"running":true,"phase":"attached"}
  (log) {"event":"devbox.startup.callback.exit","at":1789369695275,"generation":1,"ms":0,"phase":"attached"}
  (log) {"event":"devbox.startup.callback.enter","at":1789369695275,"generation":1,"running":true,"phase":"attached"}
  (log) {"event":"devbox.startup.callback.exit","at":1789369695275,"generation":1,"ms":0,"phase":"attached"}
  (log) {"event":"devbox.startup.callback.enter","at":1789369695275,"generation":1,"running":true,"phase":"attached"}
  (log) {"event":"devbox.startup.callback.exit","at":1789369695275,"generation":1,"ms":0,"phase":"attached"}
  (log) {"event":"devbox.startup.callback.enter","at":1789369695275,"generation":1,"running":true,"phase":"attached"}
  (log) {"event":"devbox.startup.callback.exit","at":1789369695275,"generation":1,"ms":0,"phase":"attached"}
  (log) {"event":"devbox.startup.callback.enter","at":1789369695275,"generation":1,"running":true,"phase":"attached"}
  (log) {"event":"devbox.startup.callback.exit","at":1789369695275,"generation":1,"ms":0,"phase":"attached"}
  (log) {"event":"devbox.startup.callback.enter","at":1789369695275,"generation":1,"running":true,"phase":"attached"}
  (log) {"event":"devbox.startup.callback.exit","at":1789369695275,"generation":1,"ms":0,"phase":"attached"}
  (log) {"event":"devbox.startup.callback.enter","at":1789369695275,"generation":1,"running":true,"phase":"attached"}
  (log) {"event":"devbox.startup.callback.exit","at":1789369695275,"generation":1,"ms":0,"phase":"attached"}
  (log) {"event":"devbox.startup.callback.enter","at":1789369695275,"generation":1,"running":true,"phase":"attached"}
  (log) {"event":"devbox.startup.callback.exit","at":1789369695275,"generation":1,"ms":0,"phase":"attached"}
  (log) {"event":"devbox.startup.callback.enter","at":1789369695275,"generation":1,"running":true,"phase":"attached"}
  (log) {"event":"devbox.startup.callback.exit","at":1789369695275,"generation":1,"ms":0,"phase":"attached"}
  (log) {"event":"devbox.startup.callback.enter","at":1789369695275,"generation":1,"running":true,"phase":"attached"}
  (log) {"event":"devbox.startup.callback.exit","at":1789369695275,"generation":1,"ms":0,"phase":"attached"}
  (log) {"event":"devbox.startup.callback.enter","at":1789369695275,"generation":1,"running":true,"phase":"attached"}
  (log) {"event":"devbox.startup.callback.exit","at":1789369695275,"generation":1,"ms":0,"phase":"attached"}
  (log) {"event":"devbox.startup.callback.enter","at":1789369695275,"generation":1,"running":true,"phase":"attached"}
  (log) {"event":"devbox.startup.callback.exit","at":1789369695275,"generation":1,"ms":0,"phase":"attached"}
  (log) {"event":"devbox.startup.callback.enter","at":1789369695275,"generation":1,"running":true,"phase":"attached"}
  (log) {"event":"devbox.startup.callback.exit","at":1789369695275,"generation":1,"ms":0,"phase":"attached"}
  (log) {"event":"devbox.startup.callback.enter","at":1789369695275,"generation":1,"running":true,"phase":"attached"}
  (log) {"event":"devbox.startup.callback.exit","at":1789369695275,"generation":1,"ms":0,"phase":"attached"}
  (log) {"event":"devbox.startup.callback.enter","at":1789369695275,"generation":1,"running":true,"phase":"attached"}
  (log) {"event":"devbox.startup.callback.exit","at":1789369695275,"generation":1,"ms":0,"phase":"attached"}
  (log) {"event":"devbox.startup.callback.enter","at":1789369695275,"generation":1,"running":true,"phase":"attached"}
  (log) {"event":"devbox.startup.callback.exit","at":1789369695275,"generation":1,"ms":0,"phase":"attached"}
  (log) {"event":"devbox.startup.callback.enter","at":1789369695275,"generation":1,"running":true,"phase":"attached"}
  (log) {"event":"devbox.startup.callback.exit","at":1789369695275,"generation":1,"ms":0,"phase":"attached"}
  (log) {"event":"devbox.startup.callback.enter","at":1789369695275,"generation":1,"running":true,"phase":"attached"}
  (log) {"event":"devbox.startup.callback.exit","at":1789369695275,"generation":1,"ms":0,"phase":"attached"}
  (log) {"event":"devbox.startup.callback.enter","at":1789369695275,"generation":1,"running":true,"phase":"attached"}
  (log) {"event":"devbox.startup.callback.exit","at":1789369695275,"generation":1,"ms":0,"phase":"attached"}
  (log) {"event":"devbox.startup.callback.enter","at":1789369695275,"generation":1,"running":true,"phase":"attached"}
  (log) {"event":"devbox.startup.callback.exit","at":1789369695275,"generation":1,"ms":0,"phase":"attached"}
  (log) {"event":"devbox.startup.callback.enter","at":1789369695275,"generation":1,"running":true,"phase":"attached"}
  (log) {"event":"devbox.startup.callback.exit","at":1789369695275,"generation":1,"ms":0,"phase":"attached"}
  (log) {"event":"devbox.startup.callback.enter","at":1789369695275,"generation":1,"running":true,"phase":"attached"}
  (log) {"event":"devbox.startup.callback.exit","at":1789369695275,"generation":1,"ms":0,"phase":"attached"}
  (log) {"event":"devbox.startup.callback.enter","at":1789369695275,"generation":1,"running":true,"phase":"attached"}
  (log) {"event":"devbox.startup.callback.exit","at":1789369695275,"generation":1,"ms":0,"phase":"attached"}
  (log) {"event":"devbox.startup.callback.enter","at":1789369695275,"generation":1,"running":true,"phase":"attached"}
  (log) {"event":"devbox.startup.callback.exit","at":1789369695275,"generation":1,"ms":0,"phase":"attached"}
  (log) {"event":"devbox.startup.callback.enter","at":1789369695275,"generation":1,"running":true,"phase":"attached"}
  (log) {"event":"devbox.startup.callback.exit","at":1789369695275,"generation":1,"ms":0,"phase":"attached"}
  (log) {"event":"devbox.startup.callback.enter","at":1789369695275,"generation":1,"running":true,"phase":"attached"}
  (log) {"event":"devbox.startup.callback.exit","at":1789369695275,"generation":1,"ms":0,"phase":"attached"}
  (log) {"event":"devbox.startup.callback.enter","at":1789369695275,"generation":1,"running":true,"phase":"attached"}
  (log) {"event":"devbox.startup.callback.exit","at":1789369695275,"generation":1,"ms":0,"phase":"attached"}
  (log) {"event":"devbox.startup.callback.enter","at":1789369695275,"generation":1,"running":true,"phase":"attached"}
  (log) {"event":"devbox.startup.callback.exit","at":1789369695275,"generation":1,"ms":0,"phase":"attached"}
  (log) {"event":"devbox.startup.callback.enter","at":1789369695275,"generation":1,"running":true,"phase":"attached"}
  (log) {"event":"devbox.startup.callback.exit","at":1789369695275,"generation":1,"ms":0,"phase":"attached"}
  (log) {"event":"devbox.startup.callback.enter","at":1789369695275,"generation":1,"running":true,"phase":"attached"}
  (log) {"event":"devbox.startup.callback.exit","at":1789369695275,"generation":1,"ms":0,"phase":"attached"}
  (log) {"event":"devbox.startup.callback.enter","at":1789369695275,"generation":1,"running":true,"phase":"attached"}
  (log) {"event":"devbox.startup.callback.exit","at":1789369695275,"generation":1,"ms":0,"phase":"attached"}
  (log) {"event":"devbox.startup.callback.enter","at":1789369695275,"generation":1,"running":true,"phase":"attached"}
  (log) {"event":"devbox.startup.callback.exit","at":1789369695275,"generation":1,"ms":0,"phase":"attached"}
  (log) {"event":"devbox.startup.callback.enter","at":1789369695275,"generation":1,"running":true,"phase":"attached"}
  (log) {"event":"devbox.startup.callback.exit","at":1789369695275,"generation":1,"ms":0,"phase":"attached"}
  (log) {"event":"devbox.startup.callback.enter","at":1789369695275,"generation":1,"running":true,"phase":"attached"}
  (log) {"event":"devbox.startup.callback.exit","at":1789369695275,"generation":1,"ms":0,"phase":"attached"}
  (log) {"event":"devbox.startup.callback.enter","at":1789369695275,"generation":1,"running":true,"phase":"attached"}
  (log) {"event":"devbox.startup.callback.exit","at":1789369695275,"generation":1,"ms":0,"phase":"attached"}
  (log) {"event":"devbox.startup.callback.enter","at":1789369695275,"generation":1,"running":true,"phase":"attached"}
  (log) {"event":"devbox.startup.callback.exit","at":1789369695275,"generation":1,"ms":0,"phase":"attached"}
  (log) {"event":"devbox.startup.callback.enter","at":1789369695275,"generation":1,"running":true,"phase":"attached"}
  (log) {"event":"devbox.startup.callback.exit","at":1789369695275,"generation":1,"ms":0,"phase":"attached"}
  (log) {"event":"devbox.startup.callback.enter","at":1789369695275,"generation":1,"running":true,"phase":"attached"}
  (log) {"event":"devbox.startup.callback.exit","at":1789369695275,"generation":1,"ms":0,"phase":"attached"}
  (log) {"event":"devbox.startup.callback.enter","at":1789369695275,"generation":1,"running":true,"phase":"attached"}
  (log) {"event":"devbox.startup.callback.exit","at":1789369695275,"generation":1,"ms":0,"phase":"attached"}
  (log) {"event":"devbox.startup.callback.enter","at":1789369695275,"generation":1,"running":true,"phase":"attached"}
  (log) {"event":"devbox.startup.callback.exit","at":1789369695275,"generation":1,"ms":0,"phase":"attached"}
  (log) {"event":"devbox.startup.callback.enter","at":1789369695275,"generation":1,"running":true,"phase":"attached"}
  (log) {"event":"devbox.startup.callback.exit","at":1789369695275,"generation":1,"ms":0,"phase":"attached"}
  (log) {"event":"devbox.startup.callback.enter","at":1789369695275,"generation":1,"running":true,"phase":"attached"}
  (log) {"event":"devbox.startup.callback.exit","at":1789369695275,"generation":1,"ms":0,"phase":"attached"}
  (log) {"event":"devbox.startup.callback.enter","at":1789369695275,"generation":1,"running":true,"phase":"attached"}
  (log) {"event":"devbox.startup.callback.exit","at":1789369695275,"generation":1,"ms":0,"phase":"attached"}
  (log) {"event":"devbox.startup.callback.enter","at":1789369695275,"generation":1,"running":true,"phase":"attached"}
  (log) {"event":"devbox.startup.callback.exit","at":1789369695275,"generation":1,"ms":0,"phase":"attached"}
  (log) {"event":"devbox.startup.callback.enter","at":1789369695275,"generation":1,"running":true,"phase":"attached"}
  (log) {"event":"devbox.startup.callback.exit","at":1789369695275,"generation":1,"ms":0,"phase":"attached"}
  (log) {"event":"devbox.startup.callback.enter","at":1789369695275,"generation":1,"running":true,"phase":"attached"}
  (log) {"event":"devbox.startup.callback.exit","at":1789369695275,"generation":1,"ms":0,"phase":"attached"}
  (log) {"event":"devbox.schedule.enter","at":1789369695275,"callback":"devboxIncidents","running":true}
  (log) {"event":"devbox.schedule.exit","at":1789369695275,"callback":"devboxIncidents","ms":0}
  (log) {"event":"devbox.startup.callback.enter","at":1789369695275,"generation":1,"running":true,"phase":"attached"}
  (log) {"event":"devbox.startup.callback.exit","at":1789369695275,"generation":1,"ms":0,"phase":"attached"}
  (log) {"event":"devbox.startup.callback.enter","at":1789369695275,"generation":1,"running":true,"phase":"attached"}
  (log) {"event":"devbox.startup.callback.exit","at":1789369695275,"generation":1,"ms":0,"phase":"attached"}
  (log) {"event":"devbox.startup.callback.enter","at":1789369695275,"generation":1,"running":true,"phase":"attached"}
  (log) {"event":"devbox.startup.callback.exit","at":1789369695275,"generation":1,"ms":0,"phase":"attached"}
  (log) {"event":"devbox.startup.callback.enter","at":1789369695275,"generation":1,"running":true,"phase":"attached"}
  (log) {"event":"devbox.startup.callback.exit","at":1789369695275,"generation":1,"ms":0,"phase":"attached"}
  (log) {"event":"devbox.startup.callback.enter","at":1789369695275,"generation":1,"running":true,"phase":"attached"}
  (log) {"event":"devbox.startup.callback.exit","at":1789369695275,"generation":1,"ms":0,"phase":"attached"}
  (log) {"event":"devbox.startup.callback.enter","at":1789369695275,"generation":1,"running":true,"phase":"attached"}
  (log) {"event":"devbox.startup.callback.exit","at":1789369695275,"generation":1,"ms":0,"phase":"attached"}
  (log) {"event":"devbox.startup.callback.enter","at":1789369695275,"generation":1,"running":true,"phase":"attached"}
  (log) {"event":"devbox.startup.callback.exit","at":1789369695275,"generation":1,"ms":0,"phase":"attached"}
  (log) {"event":"devbox.startup.callback.enter","at":1789369695275,"generation":1,"running":true,"phase":"attached"}
  (log) {"event":"devbox.startup.callback.exit","at":1789369695275,"generation":1,"ms":0,"phase":"attached"}
  (log) {"event":"devbox.startup.callback.enter","at":1789369695275,"generation":1,"running":true,"phase":"attached"}
  (log) {"event":"devbox.startup.callback.exit","at":1789369695275,"generation":1,"ms":0,"phase":"attached"}
  (log) {"event":"devbox.startup.callback.enter","at":1789369695275,"generation":1,"running":true,"phase":"attached"}
  (log) {"event":"devbox.startup.callback.exit","at":1789369695275,"generation":1,"ms":0,"phase":"attached"}
  (log) {"event":"devbox.startup.callback.enter","at":1789369695275,"generation":1,"running":true,"phase":"attached"}
  (log) {"event":"devbox.startup.callback.exit","at":1789369695275,"generation":1,"ms":0,"phase":"attached"}
  (log) {"event":"devbox.startup.callback.enter","at":1789369695275,"generation":1,"running":true,"phase":"attached"}
  (log) {"event":"devbox.startup.callback.exit","at":1789369695275,"generation":1,"ms":0,"phase":"attached"}
  (log) {"event":"devbox.startup.callback.enter","at":1789369695275,"generation":1,"running":true,"phase":"attached"}
  (log) {"event":"devbox.startup.callback.exit","at":1789369695275,"generation":1,"ms":0,"phase":"attached"}
  (log) {"event":"devbox.startup.callback.enter","at":1789369695275,"generation":1,"running":true,"phase":"attached"}
  (log) {"event":"devbox.startup.callback.exit","at":1789369695275,"generation":1,"ms":0,"phase":"attached"}
  (log) {"event":"devbox.startup.callback.enter","at":1789369695275,"generation":1,"running":true,"phase":"attached"}
  (log) {"event":"devbox.startup.callback.exit","at":1789369695275,"generation":1,"ms":0,"phase":"attached"}
  (log) {"event":"devbox.startup.callback.enter","at":1789369695275,"generation":1,"running":true,"phase":"attached"}
  (log) {"event":"devbox.startup.callback.exit","at":1789369695275,"generation":1,"ms":0,"phase":"attached"}
  (log) {"event":"devbox.startup.callback.enter","at":1789369695275,"generation":1,"running":true,"phase":"attached"}
  (log) {"event":"devbox.startup.callback.exit","at":1789369695275,"generation":1,"ms":0,"phase":"attached"}
  (log) {"event":"devbox.startup.callback.enter","at":1789369695275,"generation":1,"running":true,"phase":"attached"}
  (log) {"event":"devbox.startup.callback.exit","at":1789369695275,"generation":1,"ms":0,"phase":"attached"}
  (log) {"event":"devbox.startup.callback.enter","at":1789369695275,"generation":1,"running":true,"phase":"attached"}
  (log) {"event":"devbox.startup.callback.exit","at":1789369695275,"generation":1,"ms":0,"phase":"attached"}
  (log) {"event":"devbox.startup.callback.enter","at":1789369695275,"generation":1,"running":true,"phase":"attached"}
  (log) {"event":"devbox.startup.callback.exit","at":1789369695275,"generation":1,"ms":0,"phase":"attached"}
  (log) {"event":"devbox.startup.callback.enter","at":1789369695275,"generation":1,"running":true,"phase":"attached"}
  (log) {"event":"devbox.startup.callback.exit","at":1789369695275,"generation":1,"ms":0,"phase":"attached"}
  (log) {"event":"devbox.startup.callback.enter","at":1789369695275,"generation":1,"running":true,"phase":"attached"}
  (log) {"event":"devbox.startup.callback.exit","at":1789369695275,"generation":1,"ms":0,"phase":"attached"}
  (log) {"event":"devbox.startup.callback.enter","at":1789369695275,"generation":1,"running":true,"phase":"attached"}
  (log) {"event":"devbox.startup.callback.exit","at":1789369695275,"generation":1,"ms":0,"phase":"attached"}
  (log) {"event":"devbox.startup.callback.enter","at":1789369695275,"generation":1,"running":true,"phase":"attached"}
  (log) {"event":"devbox.startup.callback.exit","at":1789369695275,"generation":1,"ms":0,"phase":"attached"}
  (log) {"event":"devbox.startup.callback.enter","at":1789369695275,"generation":1,"running":true,"phase":"attached"}
  (log) {"event":"devbox.startup.callback.exit","at":1789369695275,"generation":1,"ms":0,"phase":"attached"}
  (log) {"event":"devbox.startup.callback.enter","at":1789369695275,"generation":1,"running":true,"phase":"attached"}
  (log) {"event":"devbox.startup.callback.exit","at":1789369695275,"generation":1,"ms":0,"phase":"attached"}
  (log) {"event":"devbox.startup.callback.enter","at":1789369695275,"generation":1,"running":true,"phase":"attached"}
  (log) {"event":"devbox.startup.callback.exit","at":1789369695275,"generation":1,"ms":0,"phase":"attached"}
  (log) {"event":"devbox.startup.callback.enter","at":1789369695275,"generation":1,"running":true,"phase":"attached"}
  (log) {"event":"devbox.startup.callback.exit","at":1789369695275,"generation":1,"ms":0,"phase":"attached"}
  (log) {"event":"devbox.startup.callback.enter","at":1789369695275,"generation":1,"running":true,"phase":"attached"}
  (log) {"event":"devbox.startup.callback.exit","at":1789369695275,"generation":1,"ms":0,"phase":"attached"}
  (log) {"event":"devbox.startup.callback.enter","at":1789369695275,"generation":1,"running":true,"phase":"attached"}
  (log) {"event":"devbox.startup.callback.exit","at":1789369695275,"generation":1,"ms":0,"phase":"attached"}
  (log) {"event":"devbox.startup.callback.enter","at":1789369695275,"generation":1,"running":true,"phase":"attached"}
  (log) {"event":"devbox.startup.callback.exit","at":1789369695275,"generation":1,"ms":0,"phase":"attached"}
  (log) {"event":"devbox.startup.callback.enter","at":1789369695275,"generation":1,"running":true,"phase":"attached"}
  (log) {"event":"devbox.startup.callback.exit","at":1789369695275,"generation":1,"ms":0,"phase":"attached"}
  (log) {"event":"devbox.startup.callback.enter","at":1789369695275,"generation":1,"running":true,"phase":"attached"}
  (log) {"event":"devbox.startup.callback.exit","at":1789369695275,"generation":1,"ms":0,"phase":"attached"}
  (log) {"event":"devbox.startup.callback.enter","at":1789369695275,"generation":1,"running":true,"phase":"attached"}
  (log) {"event":"devbox.startup.callback.exit","at":1789369695275,"generation":1,"ms":0,"phase":"attached"}
  (log) {"event":"devbox.startup.callback.enter","at":1789369695275,"generation":1,"running":true,"phase":"attached"}
  (log) {"event":"devbox.startup.callback.exit","at":1789369695275,"generation":1,"ms":0,"phase":"attached"}
  (log) {"event":"devbox.startup.callback.enter","at":1789369695275,"generation":1,"running":true,"phase":"attached"}
  (log) {"event":"devbox.startup.callback.exit","at":1789369695275,"generation":1,"ms":0,"phase":"attached"}
  (log) {"event":"devbox.startup.callback.enter","at":1789369695275,"generation":1,"running":true,"phase":"attached"}
  (log) {"event":"devbox.startup.callback.exit","at":1789369695275,"generation":1,"ms":0,"phase":"attached"}
  (log) {"event":"devbox.startup.callback.enter","at":1789369695275,"generation":1,"running":true,"phase":"attached"}
  (log) {"event":"devbox.startup.callback.exit","at":1789369695275,"generation":1,"ms":0,"phase":"attached"}
  (log) {"event":"devbox.startup.callback.enter","at":1789369695275,"generation":1,"running":true,"phase":"attached"}
  (log) {"event":"devbox.startup.callback.exit","at":1789369695275,"generation":1,"ms":0,"phase":"attached"}
  (log) {"event":"devbox.startup.callback.enter","at":1789369695275,"generation":1,"running":true,"phase":"attached"}
  (log) {"event":"devbox.startup.callback.exit","at":1789369695275,"generation":1,"ms":0,"phase":"attached"}
  (log) {"event":"devbox.startup.callback.enter","at":1789369695275,"generation":1,"running":true,"phase":"attached"}
  (log) {"event":"devbox.startup.callback.exit","at":1789369695275,"generation":1,"ms":0,"phase":"attached"}
  (log) {"event":"devbox.startup.callback.enter","at":1789369695275,"generation":1,"running":true,"phase":"attached"}
  (log) {"event":"devbox.startup.callback.exit","at":1789369695275,"generation":1,"ms":0,"phase":"attached"}
  (log) {"event":"devbox.startup.callback.enter","at":1789369695275,"generation":1,"running":true,"phase":"attached"}
  (log) {"event":"devbox.startup.callback.exit","at":1789369695275,"generation":1,"ms":0,"phase":"attached"}
  (log) {"event":"devbox.startup.callback.enter","at":1789369695275,"generation":1,"running":true,"phase":"attached"}
  (log) {"event":"devbox.startup.callback.exit","at":1789369695275,"generation":1,"ms":0,"phase":"attached"}
  (log) {"event":"devbox.startup.callback.enter","at":1789369695275,"generation":1,"running":true,"phase":"attached"}
  (log) {"event":"devbox.startup.callback.exit","at":1789369695275,"generation":1,"ms":0,"phase":"attached"}
  (log) {"event":"devbox.startup.callback.enter","at":1789369695275,"generation":1,"running":true,"phase":"attached"}
  (log) {"event":"devbox.startup.callback.exit","at":1789369695275,"generation":1,"ms":0,"phase":"attached"}
  (log) {"event":"devbox.startup.callback.enter","at":1789369695275,"generation":1,"running":true,"phase":"attached"}
  (log) {"event":"devbox.startup.callback.exit","at":1789369695275,"generation":1,"ms":0,"phase":"attached"}
  (log) {"event":"devbox.startup.callback.enter","at":1789369695275,"generation":1,"running":true,"phase":"attached"}
  (log) {"event":"devbox.startup.callback.exit","at":1789369695275,"generation":1,"ms":0,"phase":"attached"}
  (log) {"event":"devbox.startup.callback.enter","at":1789369695275,"generation":1,"running":true,"phase":"attached"}
  (log) {"event":"devbox.startup.callback.exit","at":1789369695275,"generation":1,"ms":0,"phase":"attached"}
  (log) {"event":"devbox.startup.callback.enter","at":1789369695275,"generation":1,"running":true,"phase":"attached"}
  (log) {"event":"devbox.startup.callback.exit","at":1789369695275,"generation":1,"ms":0,"phase":"attached"}
  (log) {"event":"devbox.startup.callback.enter","at":1789369695275,"generation":1,"running":true,"phase":"attached"}
  (log) {"event":"devbox.startup.callback.exit","at":1789369695275,"generation":1,"ms":0,"phase":"attached"}
  (log) {"event":"devbox.startup.callback.enter","at":1789369695275,"generation":1,"running":true,"phase":"attached"}
  (log) {"event":"devbox.startup.callback.exit","at":1789369695275,"generation":1,"ms":0,"phase":"attached"}
  (log) {"event":"devbox.startup.callback.enter","at":1789369695275,"generation":1,"running":true,"phase":"attached"}
  (log) {"event":"devbox.startup.callback.exit","at":1789369695275,"generation":1,"ms":0,"phase":"attached"}
  (log) {"event":"devbox.startup.callback.enter","at":1789369695275,"generation":1,"running":true,"phase":"attached"}
  (log) {"event":"devbox.startup.callback.exit","at":1789369695275,"generation":1,"ms":0,"phase":"attached"}
  (log) {"event":"devbox.startup.callback.enter","at":1789369695275,"generation":1,"running":true,"phase":"attached"}
  (log) {"event":"devbox.startup.callback.exit","at":1789369695275,"generation":1,"ms":0,"phase":"attached"}
  (log) {"event":"devbox.startup.callback.enter","at":1789369695275,"generation":1,"running":true,"phase":"attached"}
  (log) {"event":"devbox.startup.callback.exit","at":1789369695275,"generation":1,"ms":0,"phase":"attached"}
  (log) {"event":"devbox.startup.callback.enter","at":1789369695275,"generation":1,"running":true,"phase":"attached"}
  (log) {"event":"devbox.startup.callback.exit","at":1789369695275,"generation":1,"ms":0,"phase":"attached"}
  (log) {"event":"devbox.startup.callback.enter","at":1789369695275,"generation":1,"running":true,"phase":"attached"}
  (log) {"event":"devbox.startup.callback.exit","at":1789369695275,"generation":1,"ms":0,"phase":"attached"}
  (log) {"event":"devbox.startup.callback.enter","at":1789369695275,"generation":1,"running":true,"phase":"attached"}
  (log) {"event":"devbox.startup.callback.exit","at":1789369695275,"generation":1,"ms":0,"phase":"attached"}
  (log) {"event":"devbox.startup.callback.enter","at":1789369695275,"generation":1,"running":true,"phase":"attached"}
  (log) {"event":"devbox.startup.callback.exit","at":1789369695275,"generation":1,"ms":0,"phase":"attached"}
  (log) {"event":"devbox.startup.callback.enter","at":1789369695275,"generation":1,"running":true,"phase":"attached"}
  (log) {"event":"devbox.startup.callback.exit","at":1789369695275,"generation":1,"ms":0,"phase":"attached"}
  (log) {"event":"devbox.startup.callback.enter","at":1789369695275,"generation":1,"running":true,"phase":"attached"}
  (log) {"event":"devbox.startup.callback.exit","at":1789369695275,"generation":1,"ms":0,"phase":"attached"}
  (log) {"event":"devbox.startup.callback.enter","at":1789369695275,"generation":1,"running":true,"phase":"attached"}
  (log) {"event":"devbox.startup.callback.exit","at":1789369695275,"generation":1,"ms":0,"phase":"attached"}
  (log) {"event":"devbox.startup.callback.enter","at":1789369695275,"generation":1,"running":true,"phase":"attached"}
  (log) {"event":"devbox.startup.callback.exit","at":1789369695275,"generation":1,"ms":0,"phase":"attached"}
  (log) {"event":"devbox.startup.callback.enter","at":1789369695275,"generation":1,"running":true,"phase":"attached"}
  (log) {"event":"devbox.startup.callback.exit","at":1789369695275,"generation":1,"ms":0,"phase":"attached"}
  (log) {"event":"devbox.startup.callback.enter","at":1789369695275,"generation":1,"running":true,"phase":"attached"}
  (log) {"event":"devbox.startup.callback.exit","at":1789369695275,"generation":1,"ms":0,"phase":"attached"}
  (log) {"event":"devbox.startup.callback.enter","at":1789369695275,"generation":1,"running":true,"phase":"attached"}
  (log) {"event":"devbox.startup.callback.exit","at":1789369695275,"generation":1,"ms":0,"phase":"attached"}
  (log) {"event":"devbox.startup.callback.enter","at":1789369695275,"generation":1,"running":true,"phase":"attached"}
  (log) {"event":"devbox.startup.callback.exit","at":1789369695275,"generation":1,"ms":0,"phase":"attached"}
  (log) {"event":"devbox.startup.callback.enter","at":1789369695275,"generation":1,"running":true,"phase":"attached"}
  (log) {"event":"devbox.startup.callback.exit","at":1789369695275,"generation":1,"ms":0,"phase":"attached"}
  (log) {"event":"devbox.startup.callback.enter","at":1789369695275,"generation":1,"running":true,"phase":"attached"}
  (log) {"event":"devbox.startup.callback.exit","at":1789369695275,"generation":1,"ms":0,"phase":"attached"}
  (log) {"event":"devbox.startup.callback.enter","at":1789369695275,"generation":1,"running":true,"phase":"attached"}
  (log) {"event":"devbox.startup.callback.exit","at":1789369695275,"generation":1,"ms":0,"phase":"attached"}
  (log) {"event":"devbox.startup.callback.enter","at":1789369695275,"generation":1,"running":true,"phase":"attached"}
  (log) {"event":"devbox.startup.callback.exit","at":1789369695275,"generation":1,"ms":0,"phase":"attached"}
  (log) {"event":"devbox.startup.callback.enter","at":1789369695275,"generation":1,"running":true,"phase":"attached"}
  (log) {"event":"devbox.startup.callback.exit","at":1789369695275,"generation":1,"ms":0,"phase":"attached"}
  (log) {"event":"devbox.startup.callback.enter","at":1789369695275,"generation":1,"running":true,"phase":"attached"}
  (log) {"event":"devbox.startup.callback.exit","at":1789369695275,"generation":1,"ms":0,"phase":"attached"}
  (log) {"event":"devbox.startup.callback.enter","at":1789369695275,"generation":1,"running":true,"phase":"attached"}
  (log) {"event":"devbox.startup.callback.exit","at":1789369695275,"generation":1,"ms":0,"phase":"attached"}
  (log) {"event":"devbox.startup.callback.enter","at":1789369695275,"generation":1,"running":true,"phase":"attached"}
  (log) {"event":"devbox.startup.callback.exit","at":1789369695275,"generation":1,"ms":0,"phase":"attached"}
  (log) {"event":"devbox.startup.callback.enter","at":1789369695275,"generation":1,"running":true,"phase":"attached"}
  (log) {"event":"devbox.startup.callback.exit","at":1789369695275,"generation":1,"ms":0,"phase":"attached"}
  (log) {"event":"devbox.startup.callback.enter","at":1789369695275,"generation":1,"running":true,"phase":"attached"}
  (log) {"event":"devbox.startup.callback.exit","at":1789369695275,"generation":1,"ms":0,"phase":"attached"}
  (log) {"event":"devbox.startup.callback.enter","at":1789369695275,"generation":1,"running":true,"phase":"attached"}
  (log) {"event":"devbox.startup.callback.exit","at":1789369695275,"generation":1,"ms":0,"phase":"attached"}
  (log) {"event":"devbox.startup.callback.enter","at":1789369695275,"generation":1,"running":true,"phase":"attached"}
  (log) {"event":"devbox.startup.callback.exit","at":1789369695275,"generation":1,"ms":0,"phase":"attached"}
  (log) {"event":"devbox.startup.callback.enter","at":1789369695275,"generation":1,"running":true,"phase":"attached"}
  (log) {"event":"devbox.startup.callback.exit","at":1789369695275,"generation":1,"ms":0,"phase":"attached"}
  (log) {"event":"devbox.startup.callback.enter","at":1789369695275,"generation":1,"running":true,"phase":"attached"}
  (log) {"event":"devbox.startup.callback.exit","at":1789369695275,"generation":1,"ms":0,"phase":"attached"}
  (log) {"event":"devbox.startup.callback.enter","at":1789369695275,"generation":1,"running":true,"phase":"attached"}
  (log) {"event":"devbox.startup.callback.exit","at":1789369695275,"generation":1,"ms":0,"phase":"attached"}
  (log) {"event":"devbox.startup.callback.enter","at":1789369695275,"generation":1,"running":true,"phase":"attached"}
  (log) {"event":"devbox.startup.callback.exit","at":1789369695275,"generation":1,"ms":0,"phase":"attached"}
  (log) {"event":"devbox.startup.callback.enter","at":1789369695275,"generation":1,"running":true,"phase":"attached"}
  (log) {"event":"devbox.startup.callback.exit","at":1789369695275,"generation":1,"ms":0,"phase":"attached"}
  (log) {"event":"devbox.startup.callback.enter","at":1789369695275,"generation":1,"running":true,"phase":"attached"}
  (log) {"event":"devbox.startup.callback.exit","at":1789369695275,"generation":1,"ms":0,"phase":"attached"}
  (log) {"event":"devbox.startup.callback.enter","at":1789369695275,"generation":1,"running":true,"phase":"attached"}
  (log) {"event":"devbox.startup.callback.exit","at":1789369695275,"generation":1,"ms":0,"phase":"attached"}
  (log) {"event":"devbox.startup.callback.enter","at":1789369695275,"generation":1,"running":true,"phase":"attached"}
  (log) {"event":"devbox.startup.callback.exit","at":1789369695275,"generation":1,"ms":0,"phase":"attached"}
  (log) {"event":"devbox.startup.callback.enter","at":1789369695275,"generation":1,"running":true,"phase":"attached"}
  (log) {"event":"devbox.startup.callback.exit","at":1789369695275,"generation":1,"ms":0,"phase":"attached"}
  (log) {"event":"devbox.startup.callback.enter","at":1789369695275,"generation":1,"running":true,"phase":"attached"}
  (log) {"event":"devbox.startup.callback.exit","at":1789369695275,"generation":1,"ms":0,"phase":"attached"}
  (log) {"event":"devbox.startup.callback.enter","at":1789369695275,"generation":1,"running":true,"phase":"attached"}
  (log) {"event":"devbox.startup.callback.exit","at":1789369695275,"generation":1,"ms":0,"phase":"attached"}
  (log) {"event":"devbox.startup.callback.enter","at":1789369695275,"generation":1,"running":true,"phase":"attached"}
  (log) {"event":"devbox.startup.callback.exit","at":1789369695275,"generation":1,"ms":0,"phase":"attached"}
  (log) {"event":"devbox.startup.callback.enter","at":1789369695275,"generation":1,"running":true,"phase":"attached"}
  (log) {"event":"devbox.startup.callback.exit","at":1789369695275,"generation":1,"ms":0,"phase":"attached"}
  (log) {"event":"devbox.startup.callback.enter","at":1789369695275,"generation":1,"running":true,"phase":"attached"}
  (log) {"event":"devbox.startup.callback.exit","at":1789369695275,"generation":1,"ms":0,"phase":"attached"}
  (log) {"event":"devbox.startup.callback.enter","at":1789369695275,"generation":1,"running":true,"phase":"attached"}
  (log) {"event":"devbox.startup.callback.exit","at":1789369695275,"generation":1,"ms":0,"phase":"attached"}
  (log) {"event":"devbox.startup.callback.enter","at":1789369695275,"generation":1,"running":true,"phase":"attached"}
  (log) {"event":"devbox.startup.callback.exit","at":1789369695275,"generation":1,"ms":0,"phase":"attached"}
  (log) {"event":"devbox.startup.callback.enter","at":1789369695275,"generation":1,"running":true,"phase":"attached"}
  (log) {"event":"devbox.startup.callback.exit","at":1789369695275,"generation":1,"ms":0,"phase":"attached"}
  (log) {"event":"devbox.startup.callback.enter","at":1789369695275,"generation":1,"running":true,"phase":"attached"}
  (log) {"event":"devbox.startup.callback.exit","at":1789369695275,"generation":1,"ms":0,"phase":"attached"}
  (log) {"event":"devbox.startup.callback.enter","at":1789369695275,"generation":1,"running":true,"phase":"attached"}
  (log) {"event":"devbox.startup.callback.exit","at":1789369695275,"generation":1,"ms":0,"phase":"attached"}
  (log) {"event":"devbox.startup.callback.enter","at":1789369695275,"generation":1,"running":true,"phase":"attached"}
  (log) {"event":"devbox.startup.callback.exit","at":1789369695275,"generation":1,"ms":0,"phase":"attached"}
  (log) {"event":"devbox.startup.callback.enter","at":1789369695275,"generation":1,"running":true,"phase":"attached"}
  (log) {"event":"devbox.startup.callback.exit","at":1789369695275,"generation":1,"ms":0,"phase":"attached"}
  (log) {"event":"devbox.startup.callback.enter","at":1789369695275,"generation":1,"running":true,"phase":"attached"}
  (log) {"event":"devbox.startup.callback.exit","at":1789369695275,"generation":1,"ms":0,"phase":"attached"}
  (log) {"event":"devbox.startup.callback.enter","at":1789369695275,"generation":1,"running":true,"phase":"attached"}
  (log) {"event":"devbox.startup.callback.exit","at":1789369695275,"generation":1,"ms":0,"phase":"attached"}
  (log) {"event":"devbox.startup.callback.enter","at":1789369695275,"generation":1,"running":true,"phase":"attached"}
  (log) {"event":"devbox.startup.callback.exit","at":1789369695275,"generation":1,"ms":0,"phase":"attached"}
  (log) {"event":"devbox.startup.callback.enter","at":1789369695275,"generation":1,"running":true,"phase":"attached"}
  (log) {"event":"devbox.startup.callback.exit","at":1789369695275,"generation":1,"ms":0,"phase":"attached"}
  (log) {"event":"devbox.startup.callback.enter","at":1789369695275,"generation":1,"running":true,"phase":"attached"}
  (log) {"event":"devbox.startup.callback.exit","at":1789369695275,"generation":1,"ms":0,"phase":"attached"}
  (log) {"event":"devbox.startup.callback.enter","at":1789369695275,"generation":1,"running":true,"phase":"attached"}
  (log) {"event":"devbox.startup.callback.exit","at":1789369695275,"generation":1,"ms":0,"phase":"attached"}
  (log) {"event":"devbox.startup.callback.enter","at":1789369695275,"generation":1,"running":true,"phase":"attached"}
  (log) {"event":"devbox.startup.callback.exit","at":1789369695275,"generation":1,"ms":0,"phase":"attached"}
  (log) {"event":"devbox.startup.callback.enter","at":1789369695275,"generation":1,"running":true,"phase":"attached"}
  (log) {"event":"devbox.startup.callback.exit","at":1789369695275,"generation":1,"ms":0,"phase":"attached"}
  (log) {"event":"devbox.startup.callback.enter","at":1789369695275,"generation":1,"running":true,"phase":"attached"}
  (log) {"event":"devbox.startup.callback.exit","at":1789369695275,"generation":1,"ms":0,"phase":"attached"}
  (log) {"event":"devbox.startup.callback.enter","at":1789369695275,"generation":1,"running":true,"phase":"attached"}
  (log) {"event":"devbox.startup.callback.exit","at":1789369695275,"generation":1,"ms":0,"phase":"attached"}
  (log) {"event":"devbox.startup.callback.enter","at":1789369695275,"generation":1,"running":true,"phase":"attached"}
  (log) {"event":"devbox.startup.callback.exit","at":1789369695275,"generation":1,"ms":0,"phase":"attached"}
  (log) {"event":"devbox.startup.callback.enter","at":1789369695275,"generation":1,"running":true,"phase":"attached"}
  (log) {"event":"devbox.startup.callback.exit","at":1789369695275,"generation":1,"ms":0,"phase":"attached"}
  (log) {"event":"devbox.startup.callback.enter","at":1789369695275,"generation":1,"running":true,"phase":"attached"}
  (log) {"event":"devbox.startup.callback.exit","at":1789369695275,"generation":1,"ms":0,"phase":"attached"}
  (log) {"event":"devbox.startup.callback.enter","at":1789369695275,"generation":1,"running":true,"phase":"attached"}
  (log) {"event":"devbox.startup.callback.exit","at":1789369695275,"generation":1,"ms":0,"phase":"attached"}
  (log) {"event":"devbox.startup.callback.enter","at":1789369695275,"generation":1,"running":true,"phase":"attached"}
  (log) {"event":"devbox.startup.callback.exit","at":1789369695275,"generation":1,"ms":0,"phase":"attached"}
  (log) {"event":"devbox.startup.callback.enter","at":1789369695275,"generation":1,"running":true,"phase":"attached"}
  (log) {"event":"devbox.startup.callback.exit","at":1789369695275,"generation":1,"ms":0,"phase":"attached"}
  (log) {"event":"devbox.startup.callback.enter","at":1789369695275,"generation":1,"running":true,"phase":"attached"}
  (log) {"event":"devbox.startup.callback.exit","at":1789369695275,"generation":1,"ms":0,"phase":"attached"}
  (log) {"event":"devbox.startup.callback.enter","at":1789369695275,"generation":1,"running":true,"phase":"attached"}
  (log) {"event":"devbox.startup.callback.exit","at":1789369695275,"generation":1,"ms":0,"phase":"attached"}
  (log) {"event":"devbox.startup.callback.enter","at":1789369695275,"generation":1,"running":true,"phase":"attached"}
  (log) {"event":"devbox.startup.callback.exit","at":1789369695275,"generation":1,"ms":0,"phase":"attached"}
  (log) {"event":"devbox.startup.callback.enter","at":1789369695275,"generation":1,"running":true,"phase":"attached"}
  (log) {"event":"devbox.startup.callback.exit","at":1789369695275,"generation":1,"ms":0,"phase":"attached"}
  (log) {"event":"devbox.startup.callback.enter","at":1789369695275,"generation":1,"running":true,"phase":"attached"}
  (log) {"event":"devbox.startup.callback.exit","at":1789369695275,"generation":1,"ms":0,"phase":"attached"}
  (log) {"event":"devbox.startup.callback.enter","at":1789369695275,"generation":1,"running":true,"phase":"attached"}
  (log) {"event":"devbox.startup.callback.exit","at":1789369695275,"generation":1,"ms":0,"phase":"attached"}
  (log) {"event":"devbox.startup.callback.enter","at":1789369695275,"generation":1,"running":true,"phase":"attached"}
  (log) {"event":"devbox.startup.callback.exit","at":1789369695275,"generation":1,"ms":0,"phase":"attached"}
  (log) {"event":"devbox.startup.callback.enter","at":1789369695275,"generation":1,"running":true,"phase":"attached"}
  (log) {"event":"devbox.startup.callback.exit","at":1789369695275,"generation":1,"ms":0,"phase":"attached"}
  (log) {"event":"devbox.startup.callback.enter","at":1789369695275,"generation":1,"running":true,"phase":"attached"}
  (log) {"event":"devbox.startup.callback.exit","at":1789369695275,"generation":1,"ms":0,"phase":"attached"}
  (log) {"event":"devbox.startup.callback.enter","at":1789369695275,"generation":1,"running":true,"phase":"attached"}
  (log) {"event":"devbox.startup.callback.exit","at":1789369695275,"generation":1,"ms":0,"phase":"attached"}
  (log) {"event":"devbox.startup.callback.enter","at":1789369695275,"generation":1,"running":true,"phase":"attached"}
  (log) {"event":"devbox.startup.callback.exit","at":1789369695275,"generation":1,"ms":0,"phase":"attached"}
  (log) {"event":"devbox.startup.callback.enter","at":1789369695275,"generation":1,"running":true,"phase":"attached"}
  (log) {"event":"devbox.startup.callback.exit","at":1789369695275,"generation":1,"ms":0,"phase":"attached"}
  (log) {"event":"devbox.startup.callback.enter","at":1789369695275,"generation":1,"running":true,"phase":"attached"}
  (log) {"event":"devbox.startup.callback.exit","at":1789369695275,"generation":1,"ms":0,"phase":"attached"}
  (log) {"event":"devbox.startup.callback.enter","at":1789369695275,"generation":1,"running":true,"phase":"attached"}
  (log) {"event":"devbox.startup.callback.exit","at":1789369695275,"generation":1,"ms":0,"phase":"attached"}
  (log) {"event":"devbox.startup.callback.enter","at":1789369695275,"generation":1,"running":true,"phase":"attached"}
  (log) {"event":"devbox.startup.callback.exit","at":1789369695275,"generation":1,"ms":0,"phase":"attached"}
  (log) {"event":"devbox.startup.callback.enter","at":1789369695275,"generation":1,"running":true,"phase":"attached"}
  (log) {"event":"devbox.startup.callback.exit","at":1789369695275,"generation":1,"ms":0,"phase":"attached"}
  (log) {"event":"devbox.startup.callback.enter","at":1789369695275,"generation":1,"running":true,"phase":"attached"}
  (log) {"event":"devbox.startup.callback.exit","at":1789369695275,"generation":1,"ms":0,"phase":"attached"}
  (log) {"event":"devbox.startup.callback.enter","at":1789369695275,"generation":1,"running":true,"phase":"attached"}
  (log) {"event":"devbox.startup.callback.exit","at":1789369695275,"generation":1,"ms":0,"phase":"attached"}
  (log) {"event":"devbox.startup.callback.enter","at":1789369695275,"generation":1,"running":true,"phase":"attached"}
  (log) {"event":"devbox.startup.callback.exit","at":1789369695275,"generation":1,"ms":0,"phase":"attached"}
  (log) {"event":"devbox.startup.callback.enter","at":1789369695275,"generation":1,"running":true,"phase":"attached"}
  (log) {"event":"devbox.startup.callback.exit","at":1789369695275,"generation":1,"ms":0,"phase":"attached"}
  (log) {"event":"devbox.startup.callback.enter","at":1789369695275,"generation":1,"running":true,"phase":"attached"}
  (log) {"event":"devbox.startup.callback.exit","at":1789369695275,"generation":1,"ms":0,"phase":"attached"}
  (log) {"event":"devbox.startup.callback.enter","at":1789369695275,"generation":1,"running":true,"phase":"attached"}
  (log) {"event":"devbox.startup.callback.exit","at":1789369695275,"generation":1,"ms":0,"phase":"attached"}
  (log) {"event":"devbox.startup.callback.enter","at":1789369695275,"generation":1,"running":true,"phase":"attached"}
  (log) {"event":"devbox.startup.callback.exit","at":1789369695275,"generation":1,"ms":0,"phase":"attached"}
  (log) {"event":"devbox.startup.callback.enter","at":1789369695275,"generation":1,"running":true,"phase":"attached"}
  (log) {"event":"devbox.startup.callback.exit","at":1789369695275,"generation":1,"ms":0,"phase":"attached"}
  (log) {"event":"devbox.startup.callback.enter","at":1789369695275,"generation":1,"running":true,"phase":"attached"}
  (log) {"event":"devbox.startup.callback.exit","at":1789369695275,"generation":1,"ms":0,"phase":"attached"}
  (log) {"event":"devbox.startup.callback.enter","at":1789369695275,"generation":1,"running":true,"phase":"attached"}
  (log) {"event":"devbox.startup.callback.exit","at":1789369695275,"generation":1,"ms":0,"phase":"attached"}
  (log) {"event":"devbox.startup.callback.enter","at":1789369695275,"generation":1,"running":true,"phase":"attached"}
  (log) {"event":"devbox.startup.callback.exit","at":1789369695275,"generation":1,"ms":0,"phase":"attached"}
  (log) {"event":"devbox.startup.callback.enter","at":1789369695275,"generation":1,"running":true,"phase":"attached"}
  (log) {"event":"devbox.startup.callback.exit","at":1789369695275,"generation":1,"ms":0,"phase":"attached"}
  (log) {"event":"devbox.startup.callback.enter","at":1789369695275,"generation":1,"running":true,"phase":"attached"}
  (log) {"event":"devbox.startup.callback.exit","at":1789369695275,"generation":1,"ms":0,"phase":"attached"}
  (log) {"event":"devbox.startup.callback.enter","at":1789369695275,"generation":1,"running":true,"phase":"attached"}
  (log) {"event":"devbox.startup.callback.exit","at":1789369695275,"generation":1,"ms":0,"phase":"attached"}
  (log) {"event":"devbox.startup.callback.enter","at":1789369695275,"generation":1,"running":true,"phase":"attached"}
  (log) {"event":"devbox.startup.callback.exit","at":1789369695275,"generation":1,"ms":0,"phase":"attached"}
  (log) {"event":"devbox.startup.callback.enter","at":1789369695275,"generation":1,"running":true,"phase":"attached"}
  (log) {"event":"devbox.startup.callback.exit","at":1789369695275,"generation":1,"ms":0,"phase":"attached"}
  (log) {"event":"devbox.startup.callback.enter","at":1789369695275,"generation":1,"running":true,"phase":"attached"}
  (log) {"event":"devbox.startup.callback.exit","at":1789369695275,"generation":1,"ms":0,"phase":"attached"}
  (log) {"event":"devbox.startup.callback.enter","at":1789369695275,"generation":1,"running":true,"phase":"attached"}
  (log) {"event":"devbox.startup.callback.exit","at":1789369695275,"generation":1,"ms":0,"phase":"attached"}
  (log) {"event":"devbox.startup.callback.enter","at":1789369695275,"generation":1,"running":true,"phase":"attached"}
  (log) {"event":"devbox.startup.callback.exit","at":1789369695275,"generation":1,"ms":0,"phase":"attached"}
  (log) {"event":"devbox.startup.callback.enter","at":1789369695275,"generation":1,"running":true,"phase":"attached"}
  (log) {"event":"devbox.startup.callback.exit","at":1789369695275,"generation":1,"ms":0,"phase":"attached"}
  (log) {"event":"devbox.startup.callback.enter","at":1789369695275,"generation":1,"running":true,"phase":"attached"}
  (log) {"event":"devbox.startup.callback.exit","at":1789369695275,"generation":1,"ms":0,"phase":"attached"}
  (log) {"event":"devbox.startup.callback.enter","at":1789369695275,"generation":1,"running":true,"phase":"attached"}
  (log) {"event":"devbox.startup.callback.exit","at":1789369695275,"generation":1,"ms":0,"phase":"attached"}
  (log) {"event":"devbox.startup.callback.enter","at":1789369695275,"generation":1,"running":true,"phase":"attached"}
  (log) {"event":"devbox.startup.callback.exit","at":1789369695275,"generation":1,"ms":0,"phase":"attached"}
  (log) {"event":"devbox.startup.callback.enter","at":1789369695275,"generation":1,"running":true,"phase":"attached"}
  (log) {"event":"devbox.startup.callback.exit","at":1789369695275,"generation":1,"ms":0,"phase":"attached"}
  (log) {"event":"devbox.startup.callback.enter","at":1789369695275,"generation":1,"running":true,"phase":"attached"}
  (log) {"event":"devbox.startup.callback.exit","at":1789369695275,"generation":1,"ms":0,"phase":"attached"}
  (log) {"event":"devbox.startup.callback.enter","at":1789369695275,"generation":1,"running":true,"phase":"attached"}
  (log) {"event":"devbox.startup.callback.exit","at":1789369695275,"generation":1,"ms":0,"phase":"attached"}
  (log) {
  level: 'info',
  message: 'sandbox.exec success true (48ms)',
  component: 'sandbox-do',
  sandboxId: '067c024ccbae4993d0793c436f1bb0aec6ca2e7aeacce959c56c9ac6920201ff',
  traceId: 'tr_55dcae37328a4d0b',
  event: 'sandbox.exec',
  outcome: 'success',
  command: 'true',
  exitCode: 0,
  durationMs: 48,
  sessionId: 'sandbox-default',
  origin: 'user',
  timestamp: '2026-09-14T07:08:15.323Z'
}
Alarm @ 9/14/2026, 2:08:15 AM - Ok
  (log) {"event":"devbox.alarm.enter","at":1789369695561,"running":false,"retry":false}
  (log) {"event":"devbox.alarm.exit","at":1789369695593,"ms":32,"running":false}
SnapshotChainBox.destroyContainerForBench - Ok @ 9/14/2026, 2:08:15 AM
  (log) {"event":"devbox.alarm.exit","at":1789369695494,"ms":580,"running":false}
POST https://kinu-devbox-bench-b20260914070552-snapshot-chain.ashishkmr472.workers.dev/destroy?box=ab-snapshot-chain-b20260914070552 - Ok @ 9/14/2026, 2:08:15 AM
POST https://kinu-devbox-bench-b20260914070552-snapshot-chain.ashishkmr472.workers.dev/create?box=ab-snapshot-chain-b20260914070552 - Ok @ 9/14/2026, 2:08:15 AM
Alarm @ 9/14/2026, 2:08:15 AM - Canceled
  (log) {
  level: 'info',
  message: 'sandbox.destroy success 0 mounts (161ms)',
  component: 'sandbox-do',
  sandboxId: '067c024ccbae4993d0793c436f1bb0aec6ca2e7aeacce959c56c9ac6920201ff',
  traceId: 'tr_55dcae37328a4d0b',
  event: 'sandbox.destroy',
  outcome: 'success',
  durationMs: 161,
  mountsProcessed: 0,
  mountFailures: 0,
  timestamp: '2026-09-14T07:08:15.650Z'
}
SnapshotChainBox.kickStartup - Ok @ 9/14/2026, 2:08:15 AM
GET https://kinu-devbox-bench-b20260914070552-snapshot-chain.ashishkmr472.workers.dev/state?box=ab-snapshot-chain-b20260914070552&strategy=snapshot-chain - Ok @ 9/14/2026, 2:08:15 AM
SnapshotChainBox.devboxState - Ok @ 9/14/2026, 2:08:15 AM
GET https://kinu-devbox-bench-b20260914070552-snapshot-chain.ashishkmr472.workers.dev/state?box=ab-snapshot-chain-b20260914070552&strategy=snapshot-chain - Ok @ 9/14/2026, 2:08:16 AM
SnapshotChainBox.devboxState - Ok @ 9/14/2026, 2:08:16 AM
GET https://kinu-devbox-bench-b20260914070552-snapshot-chain.ashishkmr472.workers.dev/state?box=ab-snapshot-chain-b20260914070552&strategy=snapshot-chain - Ok @ 9/14/2026, 2:08:16 AM
SnapshotChainBox.devboxState - Ok @ 9/14/2026, 2:08:16 AM
GET https://kinu-devbox-bench-b20260914070552-snapshot-chain.ashishkmr472.workers.dev/state?box=ab-snapshot-chain-b20260914070552&strategy=snapshot-chain - Ok @ 9/14/2026, 2:08:16 AM
SnapshotChainBox.devboxState - Ok @ 9/14/2026, 2:08:16 AM
GET https://kinu-devbox-bench-b20260914070552-snapshot-chain.ashishkmr472.workers.dev/state?box=ab-snapshot-chain-b20260914070552&strategy=snapshot-chain - Ok @ 9/14/2026, 2:08:16 AM
SnapshotChainBox.devboxState - Ok @ 9/14/2026, 2:08:16 AM
GET https://kinu-devbox-bench-b20260914070552-snapshot-chain.ashishkmr472.workers.dev/state?box=ab-snapshot-chain-b20260914070552&strategy=snapshot-chain - Ok @ 9/14/2026, 2:08:17 AM
SnapshotChainBox.devboxState - Ok @ 9/14/2026, 2:08:17 AM
GET https://kinu-devbox-bench-b20260914070552-snapshot-chain.ashishkmr472.workers.dev/state?box=ab-snapshot-chain-b20260914070552&strategy=snapshot-chain - Ok @ 9/14/2026, 2:08:17 AM
SnapshotChainBox.devboxState - Ok @ 9/14/2026, 2:08:17 AM
GET https://kinu-devbox-bench-b20260914070552-snapshot-chain.ashishkmr472.workers.dev/state?box=ab-snapshot-chain-b20260914070552&strategy=snapshot-chain - Ok @ 9/14/2026, 2:08:17 AM
SnapshotChainBox.devboxState - Ok @ 9/14/2026, 2:08:17 AM
GET https://kinu-devbox-bench-b20260914070552-snapshot-chain.ashishkmr472.workers.dev/state?box=ab-snapshot-chain-b20260914070552&strategy=snapshot-chain - Ok @ 9/14/2026, 2:08:18 AM
SnapshotChainBox.devboxState - Ok @ 9/14/2026, 2:08:18 AM
GET https://kinu-devbox-bench-b20260914070552-snapshot-chain.ashishkmr472.workers.dev/state?box=ab-snapshot-chain-b20260914070552&strategy=snapshot-chain - Ok @ 9/14/2026, 2:08:18 AM
SnapshotChainBox.devboxState - Ok @ 9/14/2026, 2:08:18 AM
GET https://kinu-devbox-bench-b20260914070552-snapshot-chain.ashishkmr472.workers.dev/state?box=ab-snapshot-chain-b20260914070552&strategy=snapshot-chain - Ok @ 9/14/2026, 2:08:18 AM
SnapshotChainBox.devboxState - Ok @ 9/14/2026, 2:08:18 AM
GET https://kinu-devbox-bench-b20260914070552-snapshot-chain.ashishkmr472.workers.dev/state?box=ab-snapshot-chain-b20260914070552&strategy=snapshot-chain - Ok @ 9/14/2026, 2:08:18 AM
SnapshotChainBox.devboxState - Ok @ 9/14/2026, 2:08:18 AM
GET https://kinu-devbox-bench-b20260914070552-snapshot-chain.ashishkmr472.workers.dev/state?box=ab-snapshot-chain-b20260914070552&strategy=snapshot-chain - Ok @ 9/14/2026, 2:08:19 AM
GET https://kinu-devbox-bench-b20260914070552-snapshot-chain.ashishkmr472.workers.dev/state?box=ab-snapshot-chain-b20260914070552&strategy=snapshot-chain - Ok @ 9/14/2026, 2:08:19 AM
SnapshotChainBox.devboxState - Ok @ 9/14/2026, 2:08:19 AM
SnapshotChainBox.devboxState - Ok @ 9/14/2026, 2:08:19 AM
GET https://kinu-devbox-bench-b20260914070552-snapshot-chain.ashishkmr472.workers.dev/state?box=ab-snapshot-chain-b20260914070552&strategy=snapshot-chain - Ok @ 9/14/2026, 2:08:19 AM
SnapshotChainBox.devboxState - Ok @ 9/14/2026, 2:08:19 AM
GET https://kinu-devbox-bench-b20260914070552-snapshot-chain.ashishkmr472.workers.dev/state?box=ab-snapshot-chain-b20260914070552&strategy=snapshot-chain - Ok @ 9/14/2026, 2:08:20 AM
SnapshotChainBox.devboxState - Ok @ 9/14/2026, 2:08:20 AM
GET https://kinu-devbox-bench-b20260914070552-snapshot-chain.ashishkmr472.workers.dev/state?box=ab-snapshot-chain-b20260914070552&strategy=snapshot-chain - Ok @ 9/14/2026, 2:08:20 AM
SnapshotChainBox.devboxState - Ok @ 9/14/2026, 2:08:20 AM
GET https://kinu-devbox-bench-b20260914070552-snapshot-chain.ashishkmr472.workers.dev/state?box=ab-snapshot-chain-b20260914070552&strategy=snapshot-chain - Ok @ 9/14/2026, 2:08:20 AM
SnapshotChainBox.devboxState - Ok @ 9/14/2026, 2:08:20 AM
GET https://kinu-devbox-bench-b20260914070552-snapshot-chain.ashishkmr472.workers.dev/state?box=ab-snapshot-chain-b20260914070552&strategy=snapshot-chain - Ok @ 9/14/2026, 2:08:20 AM
SnapshotChainBox.devboxState - Ok @ 9/14/2026, 2:08:20 AM
GET https://kinu-devbox-bench-b20260914070552-snapshot-chain.ashishkmr472.workers.dev/state?box=ab-snapshot-chain-b20260914070552&strategy=snapshot-chain - Ok @ 9/14/2026, 2:08:21 AM
SnapshotChainBox.devboxState - Ok @ 9/14/2026, 2:08:21 AM
GET https://kinu-devbox-bench-b20260914070552-snapshot-chain.ashishkmr472.workers.dev/state?box=ab-snapshot-chain-b20260914070552&strategy=snapshot-chain - Ok @ 9/14/2026, 2:08:21 AM
SnapshotChainBox.devboxState - Ok @ 9/14/2026, 2:08:21 AM
GET https://kinu-devbox-bench-b20260914070552-snapshot-chain.ashishkmr472.workers.dev/state?box=ab-snapshot-chain-b20260914070552&strategy=snapshot-chain - Ok @ 9/14/2026, 2:08:21 AM
SnapshotChainBox.exec - Ok @ 9/14/2026, 2:08:15 AM
  (log) {"event":"devbox.readiness.enter","at":1789369695849,"generation":1,"running":false,"phase":"attached"}
  (log) {"event":"devbox.startup.flight.open","at":1789369695849,"generation":2,"running":false,"phase":"unstarted"}
  (log) {"event":"devbox.startup.admit.enter","at":1789369695849,"generation":2,"running":false}
POST https://kinu-devbox-bench-b20260914070552-snapshot-chain.ashishkmr472.workers.dev/exec?box=ab-snapshot-chain-b20260914070552 - Ok @ 9/14/2026, 2:08:15 AM
SnapshotChainBox.devboxState - Ok @ 9/14/2026, 2:08:21 AM
  (log) {"event":"devbox.startup.admit.exit","at":1789369701849,"generation":2,"ms":6000,"admitted":false,"owned":true,"running":true,"reason":"Container request aborted.: The operation was aborted"}
  (log) {"event":"devbox.startup.flight.exit","at":1789369701922,"generation":2,"ms":6073,"settled":true,"phase":"unstarted"}
GET https://kinu-devbox-bench-b20260914070552-snapshot-chain.ashishkmr472.workers.dev/state?box=ab-snapshot-chain-b20260914070552&strategy=snapshot-chain - Ok @ 9/14/2026, 2:08:22 AM
SnapshotChainBox.devboxState - Ok @ 9/14/2026, 2:08:22 AM
GET https://kinu-devbox-bench-b20260914070552-snapshot-chain.ashishkmr472.workers.dev/state?box=ab-snapshot-chain-b20260914070552&strategy=snapshot-chain - Ok @ 9/14/2026, 2:08:22 AM
SnapshotChainBox.devboxState - Ok @ 9/14/2026, 2:08:22 AM
GET https://kinu-devbox-bench-b20260914070552-snapshot-chain.ashishkmr472.workers.dev/state?box=ab-snapshot-chain-b20260914070552&strategy=snapshot-chain - Ok @ 9/14/2026, 2:08:22 AM
SnapshotChainBox.devboxState - Ok @ 9/14/2026, 2:08:22 AM
GET https://kinu-devbox-bench-b20260914070552-snapshot-chain.ashishkmr472.workers.dev/state?box=ab-snapshot-chain-b20260914070552&strategy=snapshot-chain - Ok @ 9/14/2026, 2:08:22 AM
SnapshotChainBox.devboxState - Ok @ 9/14/2026, 2:08:23 AM
GET https://kinu-devbox-bench-b20260914070552-snapshot-chain.ashishkmr472.workers.dev/state?box=ab-snapshot-chain-b20260914070552&strategy=snapshot-chain - Ok @ 9/14/2026, 2:08:23 AM
SnapshotChainBox.devboxState - Ok @ 9/14/2026, 2:08:23 AM
GET https://kinu-devbox-bench-b20260914070552-snapshot-chain.ashishkmr472.workers.dev/state?box=ab-snapshot-chain-b20260914070552&strategy=snapshot-chain - Ok @ 9/14/2026, 2:08:23 AM
SnapshotChainBox.devboxState - Ok @ 9/14/2026, 2:08:23 AM
GET https://kinu-devbox-bench-b20260914070552-snapshot-chain.ashishkmr472.workers.dev/state?box=ab-snapshot-chain-b20260914070552&strategy=snapshot-chain - Ok @ 9/14/2026, 2:08:24 AM
SnapshotChainBox.devboxState - Ok @ 9/14/2026, 2:08:24 AM
GET https://kinu-devbox-bench-b20260914070552-snapshot-chain.ashishkmr472.workers.dev/state?box=ab-snapshot-chain-b20260914070552&strategy=snapshot-chain - Ok @ 9/14/2026, 2:08:24 AM
SnapshotChainBox.devboxState - Ok @ 9/14/2026, 2:08:24 AM
GET https://kinu-devbox-bench-b20260914070552-snapshot-chain.ashishkmr472.workers.dev/state?box=ab-snapshot-chain-b20260914070552&strategy=snapshot-chain - Ok @ 9/14/2026, 2:08:24 AM
SnapshotChainBox.devboxState - Ok @ 9/14/2026, 2:08:24 AM
GET https://kinu-devbox-bench-b20260914070552-snapshot-chain.ashishkmr472.workers.dev/state?box=ab-snapshot-chain-b20260914070552&strategy=snapshot-chain - Ok @ 9/14/2026, 2:08:25 AM
SnapshotChainBox.devboxState - Ok @ 9/14/2026, 2:08:25 AM
GET https://kinu-devbox-bench-b20260914070552-snapshot-chain.ashishkmr472.workers.dev/state?box=ab-snapshot-chain-b20260914070552&strategy=snapshot-chain - Ok @ 9/14/2026, 2:08:25 AM
SnapshotChainBox.devboxState - Ok @ 9/14/2026, 2:08:25 AM
GET https://kinu-devbox-bench-b20260914070552-snapshot-chain.ashishkmr472.workers.dev/state?box=ab-snapshot-chain-b20260914070552&strategy=snapshot-chain - Ok @ 9/14/2026, 2:08:25 AM
SnapshotChainBox.devboxState - Ok @ 9/14/2026, 2:08:25 AM
GET https://kinu-devbox-bench-b20260914070552-snapshot-chain.ashishkmr472.workers.dev/state?box=ab-snapshot-chain-b20260914070552&strategy=snapshot-chain - Ok @ 9/14/2026, 2:08:25 AM
SnapshotChainBox.devboxState - Ok @ 9/14/2026, 2:08:25 AM
GET https://kinu-devbox-bench-b20260914070552-snapshot-chain.ashishkmr472.workers.dev/state?box=ab-snapshot-chain-b20260914070552&strategy=snapshot-chain - Ok @ 9/14/2026, 2:08:26 AM
SnapshotChainBox.devboxState - Ok @ 9/14/2026, 2:08:26 AM
GET https://kinu-devbox-bench-b20260914070552-snapshot-chain.ashishkmr472.workers.dev/state?box=ab-snapshot-chain-b20260914070552&strategy=snapshot-chain - Ok @ 9/14/2026, 2:08:26 AM
SnapshotChainBox.devboxState - Ok @ 9/14/2026, 2:08:26 AM
GET https://kinu-devbox-bench-b20260914070552-snapshot-chain.ashishkmr472.workers.dev/state?box=ab-snapshot-chain-b20260914070552&strategy=snapshot-chain - Ok @ 9/14/2026, 2:08:26 AM
SnapshotChainBox.devboxState - Ok @ 9/14/2026, 2:08:26 AM
GET https://kinu-devbox-bench-b20260914070552-snapshot-chain.ashishkmr472.workers.dev/state?box=ab-snapshot-chain-b20260914070552&strategy=snapshot-chain - Ok @ 9/14/2026, 2:08:27 AM
SnapshotChainBox.devboxState - Ok @ 9/14/2026, 2:08:27 AM
GET https://kinu-devbox-bench-b20260914070552-snapshot-chain.ashishkmr472.workers.dev/state?box=ab-snapshot-chain-b20260914070552&strategy=snapshot-chain - Ok @ 9/14/2026, 2:08:27 AM
SnapshotChainBox.devboxState - Ok @ 9/14/2026, 2:08:27 AM
GET https://kinu-devbox-bench-b20260914070552-snapshot-chain.ashishkmr472.workers.dev/state?box=ab-snapshot-chain-b20260914070552&strategy=snapshot-chain - Ok @ 9/14/2026, 2:08:27 AM
SnapshotChainBox.devboxState - Ok @ 9/14/2026, 2:08:27 AM
GET https://kinu-devbox-bench-b20260914070552-snapshot-chain.ashishkmr472.workers.dev/state?box=ab-snapshot-chain-b20260914070552&strategy=snapshot-chain - Ok @ 9/14/2026, 2:08:28 AM
SnapshotChainBox.devboxState - Ok @ 9/14/2026, 2:08:28 AM
GET https://kinu-devbox-bench-b20260914070552-snapshot-chain.ashishkmr472.workers.dev/state?box=ab-snapshot-chain-b20260914070552&strategy=snapshot-chain - Ok @ 9/14/2026, 2:08:28 AM
SnapshotChainBox.devboxState - Ok @ 9/14/2026, 2:08:28 AM
GET https://kinu-devbox-bench-b20260914070552-snapshot-chain.ashishkmr472.workers.dev/state?box=ab-snapshot-chain-b20260914070552&strategy=snapshot-chain - Ok @ 9/14/2026, 2:08:28 AM
SnapshotChainBox.devboxState - Ok @ 9/14/2026, 2:08:28 AM
GET https://kinu-devbox-bench-b20260914070552-snapshot-chain.ashishkmr472.workers.dev/state?box=ab-snapshot-chain-b20260914070552&strategy=snapshot-chain - Ok @ 9/14/2026, 2:08:29 AM
SnapshotChainBox.devboxState - Ok @ 9/14/2026, 2:08:29 AM
GET https://kinu-devbox-bench-b20260914070552-snapshot-chain.ashishkmr472.workers.dev/state?box=ab-snapshot-chain-b20260914070552&strategy=snapshot-chain - Ok @ 9/14/2026, 2:08:29 AM
SnapshotChainBox.devboxState - Ok @ 9/14/2026, 2:08:29 AM
GET https://kinu-devbox-bench-b20260914070552-snapshot-chain.ashishkmr472.workers.dev/state?box=ab-snapshot-chain-b20260914070552&strategy=snapshot-chain - Ok @ 9/14/2026, 2:08:29 AM
SnapshotChainBox.devboxState - Ok @ 9/14/2026, 2:08:29 AM
GET https://kinu-devbox-bench-b20260914070552-snapshot-chain.ashishkmr472.workers.dev/state?box=ab-snapshot-chain-b20260914070552&strategy=snapshot-chain - Ok @ 9/14/2026, 2:08:30 AM
SnapshotChainBox.devboxState - Ok @ 9/14/2026, 2:08:30 AM
GET https://kinu-devbox-bench-b20260914070552-snapshot-chain.ashishkmr472.workers.dev/state?box=ab-snapshot-chain-b20260914070552&strategy=snapshot-chain - Ok @ 9/14/2026, 2:08:30 AM
SnapshotChainBox.devboxState - Ok @ 9/14/2026, 2:08:30 AM
GET https://kinu-devbox-bench-b20260914070552-snapshot-chain.ashishkmr472.workers.dev/state?box=ab-snapshot-chain-b20260914070552&strategy=snapshot-chain - Ok @ 9/14/2026, 2:08:30 AM
SnapshotChainBox.devboxState - Ok @ 9/14/2026, 2:08:30 AM
GET https://kinu-devbox-bench-b20260914070552-snapshot-chain.ashishkmr472.workers.dev/state?box=ab-snapshot-chain-b20260914070552&strategy=snapshot-chain - Ok @ 9/14/2026, 2:08:31 AM
SnapshotChainBox.devboxState - Ok @ 9/14/2026, 2:08:31 AM
GET https://kinu-devbox-bench-b20260914070552-snapshot-chain.ashishkmr472.workers.dev/state?box=ab-snapshot-chain-b20260914070552&strategy=snapshot-chain - Ok @ 9/14/2026, 2:08:31 AM
SnapshotChainBox.devboxState - Ok @ 9/14/2026, 2:08:31 AM
GET https://kinu-devbox-bench-b20260914070552-snapshot-chain.ashishkmr472.workers.dev/state?box=ab-snapshot-chain-b20260914070552&strategy=snapshot-chain - Ok @ 9/14/2026, 2:08:31 AM
SnapshotChainBox.devboxState - Ok @ 9/14/2026, 2:08:31 AM
GET https://kinu-devbox-bench-b20260914070552-snapshot-chain.ashishkmr472.workers.dev/state?box=ab-snapshot-chain-b20260914070552&strategy=snapshot-chain - Ok @ 9/14/2026, 2:08:32 AM
SnapshotChainBox.devboxState - Ok @ 9/14/2026, 2:08:32 AM
GET https://kinu-devbox-bench-b20260914070552-snapshot-chain.ashishkmr472.workers.dev/state?box=ab-snapshot-chain-b20260914070552&strategy=snapshot-chain - Ok @ 9/14/2026, 2:08:32 AM
SnapshotChainBox.devboxState - Ok @ 9/14/2026, 2:08:32 AM
GET https://kinu-devbox-bench-b20260914070552-snapshot-chain.ashishkmr472.workers.dev/state?box=ab-snapshot-chain-b20260914070552&strategy=snapshot-chain - Ok @ 9/14/2026, 2:08:32 AM
SnapshotChainBox.devboxState - Ok @ 9/14/2026, 2:08:32 AM
GET https://kinu-devbox-bench-b20260914070552-snapshot-chain.ashishkmr472.workers.dev/state?box=ab-snapshot-chain-b20260914070552&strategy=snapshot-chain - Ok @ 9/14/2026, 2:08:33 AM
SnapshotChainBox.devboxState - Ok @ 9/14/2026, 2:08:33 AM
GET https://kinu-devbox-bench-b20260914070552-snapshot-chain.ashishkmr472.workers.dev/state?box=ab-snapshot-chain-b20260914070552&strategy=snapshot-chain - Ok @ 9/14/2026, 2:08:33 AM
SnapshotChainBox.devboxState - Ok @ 9/14/2026, 2:08:33 AM
GET https://kinu-devbox-bench-b20260914070552-snapshot-chain.ashishkmr472.workers.dev/state?box=ab-snapshot-chain-b20260914070552&strategy=snapshot-chain - Ok @ 9/14/2026, 2:08:33 AM
SnapshotChainBox.devboxState - Ok @ 9/14/2026, 2:08:33 AM
GET https://kinu-devbox-bench-b20260914070552-snapshot-chain.ashishkmr472.workers.dev/state?box=ab-snapshot-chain-b20260914070552&strategy=snapshot-chain - Ok @ 9/14/2026, 2:08:34 AM
SnapshotChainBox.devboxState - Ok @ 9/14/2026, 2:08:34 AM
GET https://kinu-devbox-bench-b20260914070552-snapshot-chain.ashishkmr472.workers.dev/state?box=ab-snapshot-chain-b20260914070552&strategy=snapshot-chain - Ok @ 9/14/2026, 2:08:34 AM
SnapshotChainBox.devboxState - Ok @ 9/14/2026, 2:08:34 AM
GET https://kinu-devbox-bench-b20260914070552-snapshot-chain.ashishkmr472.workers.dev/state?box=ab-snapshot-chain-b20260914070552&strategy=snapshot-chain - Ok @ 9/14/2026, 2:08:34 AM
SnapshotChainBox.devboxState - Ok @ 9/14/2026, 2:08:34 AM
GET https://kinu-devbox-bench-b20260914070552-snapshot-chain.ashishkmr472.workers.dev/state?box=ab-snapshot-chain-b20260914070552&strategy=snapshot-chain - Ok @ 9/14/2026, 2:08:34 AM
SnapshotChainBox.devboxState - Ok @ 9/14/2026, 2:08:34 AM
GET https://kinu-devbox-bench-b20260914070552-snapshot-chain.ashishkmr472.workers.dev/state?box=ab-snapshot-chain-b20260914070552&strategy=snapshot-chain - Ok @ 9/14/2026, 2:08:35 AM
SnapshotChainBox.devboxState - Ok @ 9/14/2026, 2:08:35 AM
GET https://kinu-devbox-bench-b20260914070552-snapshot-chain.ashishkmr472.workers.dev/state?box=ab-snapshot-chain-b20260914070552&strategy=snapshot-chain - Ok @ 9/14/2026, 2:08:35 AM
SnapshotChainBox.devboxState - Ok @ 9/14/2026, 2:08:35 AM
GET https://kinu-devbox-bench-b20260914070552-snapshot-chain.ashishkmr472.workers.dev/state?box=ab-snapshot-chain-b20260914070552&strategy=snapshot-chain - Ok @ 9/14/2026, 2:08:35 AM
SnapshotChainBox.devboxState - Ok @ 9/14/2026, 2:08:35 AM
GET https://kinu-devbox-bench-b20260914070552-snapshot-chain.ashishkmr472.workers.dev/state?box=ab-snapshot-chain-b20260914070552&strategy=snapshot-chain - Ok @ 9/14/2026, 2:08:36 AM
SnapshotChainBox.devboxState - Ok @ 9/14/2026, 2:08:36 AM
GET https://kinu-devbox-bench-b20260914070552-snapshot-chain.ashishkmr472.workers.dev/state?box=ab-snapshot-chain-b20260914070552&strategy=snapshot-chain - Ok @ 9/14/2026, 2:08:36 AM
SnapshotChainBox.devboxState - Ok @ 9/14/2026, 2:08:36 AM
GET https://kinu-devbox-bench-b20260914070552-snapshot-chain.ashishkmr472.workers.dev/state?box=ab-snapshot-chain-b20260914070552&strategy=snapshot-chain - Ok @ 9/14/2026, 2:08:36 AM
SnapshotChainBox.devboxState - Ok @ 9/14/2026, 2:08:36 AM
GET https://kinu-devbox-bench-b20260914070552-snapshot-chain.ashishkmr472.workers.dev/state?box=ab-snapshot-chain-b20260914070552&strategy=snapshot-chain - Ok @ 9/14/2026, 2:08:37 AM
SnapshotChainBox.devboxState - Ok @ 9/14/2026, 2:08:37 AM
GET https://kinu-devbox-bench-b20260914070552-snapshot-chain.ashishkmr472.workers.dev/state?box=ab-snapshot-chain-b20260914070552&strategy=snapshot-chain - Ok @ 9/14/2026, 2:08:37 AM
SnapshotChainBox.devboxState - Ok @ 9/14/2026, 2:08:37 AM
GET https://kinu-devbox-bench-b20260914070552-snapshot-chain.ashishkmr472.workers.dev/state?box=ab-snapshot-chain-b20260914070552&strategy=snapshot-chain - Ok @ 9/14/2026, 2:08:37 AM
SnapshotChainBox.devboxState - Ok @ 9/14/2026, 2:08:37 AM
GET https://kinu-devbox-bench-b20260914070552-snapshot-chain.ashishkmr472.workers.dev/state?box=ab-snapshot-chain-b20260914070552&strategy=snapshot-chain - Ok @ 9/14/2026, 2:08:38 AM
SnapshotChainBox.devboxState - Ok @ 9/14/2026, 2:08:38 AM
GET https://kinu-devbox-bench-b20260914070552-snapshot-chain.ashishkmr472.workers.dev/state?box=ab-snapshot-chain-b20260914070552&strategy=snapshot-chain - Ok @ 9/14/2026, 2:08:38 AM
SnapshotChainBox.devboxState - Ok @ 9/14/2026, 2:08:38 AM
GET https://kinu-devbox-bench-b20260914070552-snapshot-chain.ashishkmr472.workers.dev/state?box=ab-snapshot-chain-b20260914070552&strategy=snapshot-chain - Ok @ 9/14/2026, 2:08:38 AM
SnapshotChainBox.devboxState - Ok @ 9/14/2026, 2:08:38 AM
GET https://kinu-devbox-bench-b20260914070552-snapshot-chain.ashishkmr472.workers.dev/state?box=ab-snapshot-chain-b20260914070552&strategy=snapshot-chain - Ok @ 9/14/2026, 2:08:39 AM
SnapshotChainBox.devboxState - Ok @ 9/14/2026, 2:08:39 AM
GET https://kinu-devbox-bench-b20260914070552-snapshot-chain.ashishkmr472.workers.dev/state?box=ab-snapshot-chain-b20260914070552&strategy=snapshot-chain - Ok @ 9/14/2026, 2:08:39 AM
SnapshotChainBox.devboxState - Ok @ 9/14/2026, 2:08:39 AM
GET https://kinu-devbox-bench-b20260914070552-snapshot-chain.ashishkmr472.workers.dev/state?box=ab-snapshot-chain-b20260914070552&strategy=snapshot-chain - Ok @ 9/14/2026, 2:08:39 AM
SnapshotChainBox.devboxState - Ok @ 9/14/2026, 2:08:39 AM
GET https://kinu-devbox-bench-b20260914070552-snapshot-chain.ashishkmr472.workers.dev/state?box=ab-snapshot-chain-b20260914070552&strategy=snapshot-chain - Ok @ 9/14/2026, 2:08:40 AM
SnapshotChainBox.devboxState - Ok @ 9/14/2026, 2:08:40 AM
GET https://kinu-devbox-bench-b20260914070552-snapshot-chain.ashishkmr472.workers.dev/state?box=ab-snapshot-chain-b20260914070552&strategy=snapshot-chain - Ok @ 9/14/2026, 2:08:40 AM
SnapshotChainBox.devboxState - Ok @ 9/14/2026, 2:08:40 AM
GET https://kinu-devbox-bench-b20260914070552-snapshot-chain.ashishkmr472.workers.dev/state?box=ab-snapshot-chain-b20260914070552&strategy=snapshot-chain - Ok @ 9/14/2026, 2:08:40 AM
SnapshotChainBox.devboxState - Ok @ 9/14/2026, 2:08:40 AM
GET https://kinu-devbox-bench-b20260914070552-snapshot-chain.ashishkmr472.workers.dev/state?box=ab-snapshot-chain-b20260914070552&strategy=snapshot-chain - Ok @ 9/14/2026, 2:08:40 AM
SnapshotChainBox.devboxState - Ok @ 9/14/2026, 2:08:40 AM
GET https://kinu-devbox-bench-b20260914070552-snapshot-chain.ashishkmr472.workers.dev/state?box=ab-snapshot-chain-b20260914070552&strategy=snapshot-chain - Ok @ 9/14/2026, 2:08:41 AM
SnapshotChainBox.devboxState - Ok @ 9/14/2026, 2:08:41 AM
GET https://kinu-devbox-bench-b20260914070552-snapshot-chain.ashishkmr472.workers.dev/state?box=ab-snapshot-chain-b20260914070552&strategy=snapshot-chain - Ok @ 9/14/2026, 2:08:41 AM
SnapshotChainBox.devboxState - Ok @ 9/14/2026, 2:08:41 AM
GET https://kinu-devbox-bench-b20260914070552-snapshot-chain.ashishkmr472.workers.dev/state?box=ab-snapshot-chain-b20260914070552&strategy=snapshot-chain - Ok @ 9/14/2026, 2:08:41 AM
SnapshotChainBox.devboxState - Ok @ 9/14/2026, 2:08:41 AM
GET https://kinu-devbox-bench-b20260914070552-snapshot-chain.ashishkmr472.workers.dev/state?box=ab-snapshot-chain-b20260914070552&strategy=snapshot-chain - Ok @ 9/14/2026, 2:08:42 AM
SnapshotChainBox.devboxState - Ok @ 9/14/2026, 2:08:42 AM
GET https://kinu-devbox-bench-b20260914070552-snapshot-chain.ashishkmr472.workers.dev/state?box=ab-snapshot-chain-b20260914070552&strategy=snapshot-chain - Ok @ 9/14/2026, 2:08:42 AM
SnapshotChainBox.devboxState - Ok @ 9/14/2026, 2:08:42 AM
GET https://kinu-devbox-bench-b20260914070552-snapshot-chain.ashishkmr472.workers.dev/state?box=ab-snapshot-chain-b20260914070552&strategy=snapshot-chain - Ok @ 9/14/2026, 2:08:42 AM
SnapshotChainBox.devboxState - Ok @ 9/14/2026, 2:08:42 AM
GET https://kinu-devbox-bench-b20260914070552-snapshot-chain.ashishkmr472.workers.dev/state?box=ab-snapshot-chain-b20260914070552&strategy=snapshot-chain - Ok @ 9/14/2026, 2:08:43 AM
SnapshotChainBox.devboxState - Ok @ 9/14/2026, 2:08:43 AM
GET https://kinu-devbox-bench-b20260914070552-snapshot-chain.ashishkmr472.workers.dev/state?box=ab-snapshot-chain-b20260914070552&strategy=snapshot-chain - Ok @ 9/14/2026, 2:08:43 AM
SnapshotChainBox.devboxState - Ok @ 9/14/2026, 2:08:43 AM
GET https://kinu-devbox-bench-b20260914070552-snapshot-chain.ashishkmr472.workers.dev/state?box=ab-snapshot-chain-b20260914070552&strategy=snapshot-chain - Ok @ 9/14/2026, 2:08:43 AM
SnapshotChainBox.devboxState - Ok @ 9/14/2026, 2:08:43 AM
GET https://kinu-devbox-bench-b20260914070552-snapshot-chain.ashishkmr472.workers.dev/state?box=ab-snapshot-chain-b20260914070552&strategy=snapshot-chain - Ok @ 9/14/2026, 2:08:44 AM
SnapshotChainBox.devboxState - Ok @ 9/14/2026, 2:08:44 AM
GET https://kinu-devbox-bench-b20260914070552-snapshot-chain.ashishkmr472.workers.dev/state?box=ab-snapshot-chain-b20260914070552&strategy=snapshot-chain - Ok @ 9/14/2026, 2:08:44 AM
SnapshotChainBox.devboxState - Ok @ 9/14/2026, 2:08:44 AM
GET https://kinu-devbox-bench-b20260914070552-snapshot-chain.ashishkmr472.workers.dev/state?box=ab-snapshot-chain-b20260914070552&strategy=snapshot-chain - Ok @ 9/14/2026, 2:08:44 AM
SnapshotChainBox.devboxState - Ok @ 9/14/2026, 2:08:44 AM
GET https://kinu-devbox-bench-b20260914070552-snapshot-chain.ashishkmr472.workers.dev/state?box=ab-snapshot-chain-b20260914070552&strategy=snapshot-chain - Ok @ 9/14/2026, 2:08:45 AM
SnapshotChainBox.devboxState - Ok @ 9/14/2026, 2:08:45 AM
GET https://kinu-devbox-bench-b20260914070552-snapshot-chain.ashishkmr472.workers.dev/state?box=ab-snapshot-chain-b20260914070552&strategy=snapshot-chain - Ok @ 9/14/2026, 2:08:45 AM
SnapshotChainBox.devboxState - Ok @ 9/14/2026, 2:08:45 AM
GET https://kinu-devbox-bench-b20260914070552-snapshot-chain.ashishkmr472.workers.dev/state?box=ab-snapshot-chain-b20260914070552&strategy=snapshot-chain - Ok @ 9/14/2026, 2:08:45 AM
SnapshotChainBox.devboxState - Ok @ 9/14/2026, 2:08:45 AM
GET https://kinu-devbox-bench-b20260914070552-snapshot-chain.ashishkmr472.workers.dev/state?box=ab-snapshot-chain-b20260914070552&strategy=snapshot-chain - Ok @ 9/14/2026, 2:08:46 AM
SnapshotChainBox.devboxState - Ok @ 9/14/2026, 2:08:46 AM
GET https://kinu-devbox-bench-b20260914070552-snapshot-chain.ashishkmr472.workers.dev/state?box=ab-snapshot-chain-b20260914070552&strategy=snapshot-chain - Ok @ 9/14/2026, 2:08:46 AM
SnapshotChainBox.devboxState - Ok @ 9/14/2026, 2:08:46 AM
GET https://kinu-devbox-bench-b20260914070552-snapshot-chain.ashishkmr472.workers.dev/state?box=ab-snapshot-chain-b20260914070552&strategy=snapshot-chain - Ok @ 9/14/2026, 2:08:46 AM
SnapshotChainBox.devboxState - Ok @ 9/14/2026, 2:08:46 AM
GET https://kinu-devbox-bench-b20260914070552-snapshot-chain.ashishkmr472.workers.dev/state?box=ab-snapshot-chain-b20260914070552&strategy=snapshot-chain - Ok @ 9/14/2026, 2:08:46 AM
SnapshotChainBox.devboxState - Ok @ 9/14/2026, 2:08:47 AM
GET https://kinu-devbox-bench-b20260914070552-snapshot-chain.ashishkmr472.workers.dev/state?box=ab-snapshot-chain-b20260914070552&strategy=snapshot-chain - Ok @ 9/14/2026, 2:08:47 AM
SnapshotChainBox.devboxState - Ok @ 9/14/2026, 2:08:47 AM
GET https://kinu-devbox-bench-b20260914070552-snapshot-chain.ashishkmr472.workers.dev/state?box=ab-snapshot-chain-b20260914070552&strategy=snapshot-chain - Ok @ 9/14/2026, 2:08:47 AM
SnapshotChainBox.devboxState - Ok @ 9/14/2026, 2:08:47 AM
GET https://kinu-devbox-bench-b20260914070552-snapshot-chain.ashishkmr472.workers.dev/state?box=ab-snapshot-chain-b20260914070552&strategy=snapshot-chain - Ok @ 9/14/2026, 2:08:47 AM
SnapshotChainBox.devboxState - Ok @ 9/14/2026, 2:08:47 AM
GET https://kinu-devbox-bench-b20260914070552-snapshot-chain.ashishkmr472.workers.dev/state?box=ab-snapshot-chain-b20260914070552&strategy=snapshot-chain - Ok @ 9/14/2026, 2:08:48 AM
SnapshotChainBox.devboxState - Ok @ 9/14/2026, 2:08:48 AM
GET https://kinu-devbox-bench-b20260914070552-snapshot-chain.ashishkmr472.workers.dev/state?box=ab-snapshot-chain-b20260914070552&strategy=snapshot-chain - Ok @ 9/14/2026, 2:08:48 AM
SnapshotChainBox.devboxState - Ok @ 9/14/2026, 2:08:48 AM
GET https://kinu-devbox-bench-b20260914070552-snapshot-chain.ashishkmr472.workers.dev/state?box=ab-snapshot-chain-b20260914070552&strategy=snapshot-chain - Ok @ 9/14/2026, 2:08:48 AM
SnapshotChainBox.devboxState - Ok @ 9/14/2026, 2:08:48 AM
GET https://kinu-devbox-bench-b20260914070552-snapshot-chain.ashishkmr472.workers.dev/state?box=ab-snapshot-chain-b20260914070552&strategy=snapshot-chain - Ok @ 9/14/2026, 2:08:49 AM
SnapshotChainBox.devboxState - Ok @ 9/14/2026, 2:08:49 AM
GET https://kinu-devbox-bench-b20260914070552-snapshot-chain.ashishkmr472.workers.dev/state?box=ab-snapshot-chain-b20260914070552&strategy=snapshot-chain - Ok @ 9/14/2026, 2:08:49 AM
SnapshotChainBox.devboxState - Ok @ 9/14/2026, 2:08:49 AM
GET https://kinu-devbox-bench-b20260914070552-snapshot-chain.ashishkmr472.workers.dev/state?box=ab-snapshot-chain-b20260914070552&strategy=snapshot-chain - Ok @ 9/14/2026, 2:08:49 AM
SnapshotChainBox.devboxState - Ok @ 9/14/2026, 2:08:49 AM
GET https://kinu-devbox-bench-b20260914070552-snapshot-chain.ashishkmr472.workers.dev/state?box=ab-snapshot-chain-b20260914070552&strategy=snapshot-chain - Ok @ 9/14/2026, 2:08:50 AM
SnapshotChainBox.devboxState - Ok @ 9/14/2026, 2:08:50 AM
GET https://kinu-devbox-bench-b20260914070552-snapshot-chain.ashishkmr472.workers.dev/state?box=ab-snapshot-chain-b20260914070552&strategy=snapshot-chain - Ok @ 9/14/2026, 2:08:50 AM
SnapshotChainBox.devboxState - Ok @ 9/14/2026, 2:08:50 AM
GET https://kinu-devbox-bench-b20260914070552-snapshot-chain.ashishkmr472.workers.dev/state?box=ab-snapshot-chain-b20260914070552&strategy=snapshot-chain - Ok @ 9/14/2026, 2:08:50 AM
SnapshotChainBox.devboxState - Ok @ 9/14/2026, 2:08:50 AM
GET https://kinu-devbox-bench-b20260914070552-snapshot-chain.ashishkmr472.workers.dev/state?box=ab-snapshot-chain-b20260914070552&strategy=snapshot-chain - Ok @ 9/14/2026, 2:08:51 AM
SnapshotChainBox.devboxState - Ok @ 9/14/2026, 2:08:51 AM
GET https://kinu-devbox-bench-b20260914070552-snapshot-chain.ashishkmr472.workers.dev/state?box=ab-snapshot-chain-b20260914070552&strategy=snapshot-chain - Ok @ 9/14/2026, 2:08:51 AM
SnapshotChainBox.devboxState - Ok @ 9/14/2026, 2:08:51 AM
GET https://kinu-devbox-bench-b20260914070552-snapshot-chain.ashishkmr472.workers.dev/state?box=ab-snapshot-chain-b20260914070552&strategy=snapshot-chain - Ok @ 9/14/2026, 2:08:51 AM
SnapshotChainBox.devboxState - Ok @ 9/14/2026, 2:08:51 AM
GET https://kinu-devbox-bench-b20260914070552-snapshot-chain.ashishkmr472.workers.dev/state?box=ab-snapshot-chain-b20260914070552&strategy=snapshot-chain - Ok @ 9/14/2026, 2:08:52 AM
SnapshotChainBox.devboxState - Ok @ 9/14/2026, 2:08:52 AM
GET https://kinu-devbox-bench-b20260914070552-snapshot-chain.ashishkmr472.workers.dev/state?box=ab-snapshot-chain-b20260914070552&strategy=snapshot-chain - Ok @ 9/14/2026, 2:08:52 AM
SnapshotChainBox.devboxState - Ok @ 9/14/2026, 2:08:52 AM
GET https://kinu-devbox-bench-b20260914070552-snapshot-chain.ashishkmr472.workers.dev/state?box=ab-snapshot-chain-b20260914070552&strategy=snapshot-chain - Ok @ 9/14/2026, 2:08:52 AM
SnapshotChainBox.devboxState - Ok @ 9/14/2026, 2:08:52 AM
GET https://kinu-devbox-bench-b20260914070552-snapshot-chain.ashishkmr472.workers.dev/state?box=ab-snapshot-chain-b20260914070552&strategy=snapshot-chain - Ok @ 9/14/2026, 2:08:52 AM
SnapshotChainBox.devboxState - Ok @ 9/14/2026, 2:08:52 AM
GET https://kinu-devbox-bench-b20260914070552-snapshot-chain.ashishkmr472.workers.dev/state?box=ab-snapshot-chain-b20260914070552&strategy=snapshot-chain - Ok @ 9/14/2026, 2:08:53 AM
SnapshotChainBox.devboxState - Ok @ 9/14/2026, 2:08:53 AM
GET https://kinu-devbox-bench-b20260914070552-snapshot-chain.ashishkmr472.workers.dev/state?box=ab-snapshot-chain-b20260914070552&strategy=snapshot-chain - Ok @ 9/14/2026, 2:08:53 AM
SnapshotChainBox.devboxState - Ok @ 9/14/2026, 2:08:53 AM
GET https://kinu-devbox-bench-b20260914070552-snapshot-chain.ashishkmr472.workers.dev/state?box=ab-snapshot-chain-b20260914070552&strategy=snapshot-chain - Ok @ 9/14/2026, 2:08:53 AM
SnapshotChainBox.devboxState - Ok @ 9/14/2026, 2:08:53 AM
GET https://kinu-devbox-bench-b20260914070552-snapshot-chain.ashishkmr472.workers.dev/state?box=ab-snapshot-chain-b20260914070552&strategy=snapshot-chain - Ok @ 9/14/2026, 2:08:54 AM
SnapshotChainBox.devboxState - Ok @ 9/14/2026, 2:08:54 AM
GET https://kinu-devbox-bench-b20260914070552-snapshot-chain.ashishkmr472.workers.dev/state?box=ab-snapshot-chain-b20260914070552&strategy=snapshot-chain - Ok @ 9/14/2026, 2:08:54 AM
SnapshotChainBox.devboxState - Ok @ 9/14/2026, 2:08:54 AM
GET https://kinu-devbox-bench-b20260914070552-snapshot-chain.ashishkmr472.workers.dev/state?box=ab-snapshot-chain-b20260914070552&strategy=snapshot-chain - Ok @ 9/14/2026, 2:08:54 AM
SnapshotChainBox.devboxState - Ok @ 9/14/2026, 2:08:54 AM
GET https://kinu-devbox-bench-b20260914070552-snapshot-chain.ashishkmr472.workers.dev/state?box=ab-snapshot-chain-b20260914070552&strategy=snapshot-chain - Ok @ 9/14/2026, 2:08:55 AM
SnapshotChainBox.devboxState - Ok @ 9/14/2026, 2:08:55 AM
GET https://kinu-devbox-bench-b20260914070552-snapshot-chain.ashishkmr472.workers.dev/state?box=ab-snapshot-chain-b20260914070552&strategy=snapshot-chain - Ok @ 9/14/2026, 2:08:55 AM
SnapshotChainBox.devboxState - Ok @ 9/14/2026, 2:08:55 AM
GET https://kinu-devbox-bench-b20260914070552-snapshot-chain.ashishkmr472.workers.dev/state?box=ab-snapshot-chain-b20260914070552&strategy=snapshot-chain - Ok @ 9/14/2026, 2:08:55 AM
SnapshotChainBox.devboxState - Ok @ 9/14/2026, 2:08:55 AM
GET https://kinu-devbox-bench-b20260914070552-snapshot-chain.ashishkmr472.workers.dev/state?box=ab-snapshot-chain-b20260914070552&strategy=snapshot-chain - Ok @ 9/14/2026, 2:08:56 AM
SnapshotChainBox.devboxState - Ok @ 9/14/2026, 2:08:56 AM
GET https://kinu-devbox-bench-b20260914070552-snapshot-chain.ashishkmr472.workers.dev/state?box=ab-snapshot-chain-b20260914070552&strategy=snapshot-chain - Ok @ 9/14/2026, 2:08:56 AM
SnapshotChainBox.devboxState - Ok @ 9/14/2026, 2:08:56 AM
GET https://kinu-devbox-bench-b20260914070552-snapshot-chain.ashishkmr472.workers.dev/state?box=ab-snapshot-chain-b20260914070552&strategy=snapshot-chain - Ok @ 9/14/2026, 2:08:56 AM
SnapshotChainBox.devboxState - Ok @ 9/14/2026, 2:08:56 AM
GET https://kinu-devbox-bench-b20260914070552-snapshot-chain.ashishkmr472.workers.dev/state?box=ab-snapshot-chain-b20260914070552&strategy=snapshot-chain - Ok @ 9/14/2026, 2:08:57 AM
SnapshotChainBox.devboxState - Ok @ 9/14/2026, 2:08:57 AM
GET https://kinu-devbox-bench-b20260914070552-snapshot-chain.ashishkmr472.workers.dev/state?box=ab-snapshot-chain-b20260914070552&strategy=snapshot-chain - Ok @ 9/14/2026, 2:08:57 AM
SnapshotChainBox.devboxState - Ok @ 9/14/2026, 2:08:57 AM
GET https://kinu-devbox-bench-b20260914070552-snapshot-chain.ashishkmr472.workers.dev/state?box=ab-snapshot-chain-b20260914070552&strategy=snapshot-chain - Ok @ 9/14/2026, 2:08:57 AM
SnapshotChainBox.devboxState - Ok @ 9/14/2026, 2:08:57 AM
GET https://kinu-devbox-bench-b20260914070552-snapshot-chain.ashishkmr472.workers.dev/state?box=ab-snapshot-chain-b20260914070552&strategy=snapshot-chain - Ok @ 9/14/2026, 2:08:58 AM
SnapshotChainBox.devboxState - Ok @ 9/14/2026, 2:08:58 AM
GET https://kinu-devbox-bench-b20260914070552-snapshot-chain.ashishkmr472.workers.dev/state?box=ab-snapshot-chain-b20260914070552&strategy=snapshot-chain - Ok @ 9/14/2026, 2:08:58 AM
SnapshotChainBox.devboxState - Ok @ 9/14/2026, 2:08:58 AM
GET https://kinu-devbox-bench-b20260914070552-snapshot-chain.ashishkmr472.workers.dev/state?box=ab-snapshot-chain-b20260914070552&strategy=snapshot-chain - Ok @ 9/14/2026, 2:08:58 AM
SnapshotChainBox.devboxState - Ok @ 9/14/2026, 2:08:58 AM
GET https://kinu-devbox-bench-b20260914070552-snapshot-chain.ashishkmr472.workers.dev/state?box=ab-snapshot-chain-b20260914070552&strategy=snapshot-chain - Ok @ 9/14/2026, 2:08:59 AM
SnapshotChainBox.devboxState - Ok @ 9/14/2026, 2:08:59 AM
GET https://kinu-devbox-bench-b20260914070552-snapshot-chain.ashishkmr472.workers.dev/state?box=ab-snapshot-chain-b20260914070552&strategy=snapshot-chain - Ok @ 9/14/2026, 2:08:59 AM
SnapshotChainBox.devboxState - Ok @ 9/14/2026, 2:08:59 AM
GET https://kinu-devbox-bench-b20260914070552-snapshot-chain.ashishkmr472.workers.dev/state?box=ab-snapshot-chain-b20260914070552&strategy=snapshot-chain - Ok @ 9/14/2026, 2:08:59 AM
SnapshotChainBox.devboxState - Ok @ 9/14/2026, 2:08:59 AM
GET https://kinu-devbox-bench-b20260914070552-snapshot-chain.ashishkmr472.workers.dev/state?box=ab-snapshot-chain-b20260914070552&strategy=snapshot-chain - Ok @ 9/14/2026, 2:08:59 AM
SnapshotChainBox.devboxState - Ok @ 9/14/2026, 2:08:59 AM
GET https://kinu-devbox-bench-b20260914070552-snapshot-chain.ashishkmr472.workers.dev/state?box=ab-snapshot-chain-b20260914070552&strategy=snapshot-chain - Ok @ 9/14/2026, 2:09:00 AM
SnapshotChainBox.devboxState - Ok @ 9/14/2026, 2:09:00 AM
GET https://kinu-devbox-bench-b20260914070552-snapshot-chain.ashishkmr472.workers.dev/state?box=ab-snapshot-chain-b20260914070552&strategy=snapshot-chain - Ok @ 9/14/2026, 2:09:00 AM
SnapshotChainBox.devboxState - Ok @ 9/14/2026, 2:09:00 AM
GET https://kinu-devbox-bench-b20260914070552-snapshot-chain.ashishkmr472.workers.dev/state?box=ab-snapshot-chain-b20260914070552&strategy=snapshot-chain - Ok @ 9/14/2026, 2:09:00 AM
SnapshotChainBox.devboxState - Ok @ 9/14/2026, 2:09:00 AM
GET https://kinu-devbox-bench-b20260914070552-snapshot-chain.ashishkmr472.workers.dev/state?box=ab-snapshot-chain-b20260914070552&strategy=snapshot-chain - Ok @ 9/14/2026, 2:09:01 AM
SnapshotChainBox.devboxState - Ok @ 9/14/2026, 2:09:01 AM
GET https://kinu-devbox-bench-b20260914070552-snapshot-chain.ashishkmr472.workers.dev/state?box=ab-snapshot-chain-b20260914070552&strategy=snapshot-chain - Ok @ 9/14/2026, 2:09:01 AM
SnapshotChainBox.devboxState - Ok @ 9/14/2026, 2:09:01 AM
GET https://kinu-devbox-bench-b20260914070552-snapshot-chain.ashishkmr472.workers.dev/state?box=ab-snapshot-chain-b20260914070552&strategy=snapshot-chain - Ok @ 9/14/2026, 2:09:01 AM
SnapshotChainBox.devboxState - Ok @ 9/14/2026, 2:09:01 AM
GET https://kinu-devbox-bench-b20260914070552-snapshot-chain.ashishkmr472.workers.dev/state?box=ab-snapshot-chain-b20260914070552&strategy=snapshot-chain - Ok @ 9/14/2026, 2:09:02 AM
SnapshotChainBox.devboxState - Ok @ 9/14/2026, 2:09:02 AM
GET https://kinu-devbox-bench-b20260914070552-snapshot-chain.ashishkmr472.workers.dev/state?box=ab-snapshot-chain-b20260914070552&strategy=snapshot-chain - Ok @ 9/14/2026, 2:09:02 AM
SnapshotChainBox.devboxState - Ok @ 9/14/2026, 2:09:02 AM
GET https://kinu-devbox-bench-b20260914070552-snapshot-chain.ashishkmr472.workers.dev/state?box=ab-snapshot-chain-b20260914070552&strategy=snapshot-chain - Ok @ 9/14/2026, 2:09:02 AM
SnapshotChainBox.devboxState - Ok @ 9/14/2026, 2:09:02 AM
GET https://kinu-devbox-bench-b20260914070552-snapshot-chain.ashishkmr472.workers.dev/state?box=ab-snapshot-chain-b20260914070552&strategy=snapshot-chain - Ok @ 9/14/2026, 2:09:03 AM
SnapshotChainBox.devboxState - Ok @ 9/14/2026, 2:09:03 AM
GET https://kinu-devbox-bench-b20260914070552-snapshot-chain.ashishkmr472.workers.dev/state?box=ab-snapshot-chain-b20260914070552&strategy=snapshot-chain - Ok @ 9/14/2026, 2:09:03 AM
SnapshotChainBox.devboxState - Ok @ 9/14/2026, 2:09:03 AM
GET https://kinu-devbox-bench-b20260914070552-snapshot-chain.ashishkmr472.workers.dev/state?box=ab-snapshot-chain-b20260914070552&strategy=snapshot-chain - Ok @ 9/14/2026, 2:09:03 AM
SnapshotChainBox.devboxState - Ok @ 9/14/2026, 2:09:03 AM
GET https://kinu-devbox-bench-b20260914070552-snapshot-chain.ashishkmr472.workers.dev/state?box=ab-snapshot-chain-b20260914070552&strategy=snapshot-chain - Ok @ 9/14/2026, 2:09:04 AM
SnapshotChainBox.devboxState - Ok @ 9/14/2026, 2:09:04 AM
GET https://kinu-devbox-bench-b20260914070552-snapshot-chain.ashishkmr472.workers.dev/state?box=ab-snapshot-chain-b20260914070552&strategy=snapshot-chain - Ok @ 9/14/2026, 2:09:04 AM
SnapshotChainBox.devboxState - Ok @ 9/14/2026, 2:09:04 AM
GET https://kinu-devbox-bench-b20260914070552-snapshot-chain.ashishkmr472.workers.dev/state?box=ab-snapshot-chain-b20260914070552&strategy=snapshot-chain - Ok @ 9/14/2026, 2:09:04 AM
SnapshotChainBox.devboxState - Ok @ 9/14/2026, 2:09:04 AM
GET https://kinu-devbox-bench-b20260914070552-snapshot-chain.ashishkmr472.workers.dev/state?box=ab-snapshot-chain-b20260914070552&strategy=snapshot-chain - Ok @ 9/14/2026, 2:09:05 AM
SnapshotChainBox.devboxState - Ok @ 9/14/2026, 2:09:05 AM
GET https://kinu-devbox-bench-b20260914070552-snapshot-chain.ashishkmr472.workers.dev/state?box=ab-snapshot-chain-b20260914070552&strategy=snapshot-chain - Ok @ 9/14/2026, 2:09:05 AM
SnapshotChainBox.devboxState - Ok @ 9/14/2026, 2:09:05 AM
GET https://kinu-devbox-bench-b20260914070552-snapshot-chain.ashishkmr472.workers.dev/state?box=ab-snapshot-chain-b20260914070552&strategy=snapshot-chain - Ok @ 9/14/2026, 2:09:05 AM
SnapshotChainBox.devboxState - Ok @ 9/14/2026, 2:09:05 AM
GET https://kinu-devbox-bench-b20260914070552-snapshot-chain.ashishkmr472.workers.dev/state?box=ab-snapshot-chain-b20260914070552&strategy=snapshot-chain - Ok @ 9/14/2026, 2:09:06 AM
SnapshotChainBox.devboxState - Ok @ 9/14/2026, 2:09:06 AM
GET https://kinu-devbox-bench-b20260914070552-snapshot-chain.ashishkmr472.workers.dev/state?box=ab-snapshot-chain-b20260914070552&strategy=snapshot-chain - Ok @ 9/14/2026, 2:09:06 AM
SnapshotChainBox.devboxState - Ok @ 9/14/2026, 2:09:06 AM
GET https://kinu-devbox-bench-b20260914070552-snapshot-chain.ashishkmr472.workers.dev/state?box=ab-snapshot-chain-b20260914070552&strategy=snapshot-chain - Ok @ 9/14/2026, 2:09:06 AM
SnapshotChainBox.devboxState - Ok @ 9/14/2026, 2:09:06 AM
GET https://kinu-devbox-bench-b20260914070552-snapshot-chain.ashishkmr472.workers.dev/state?box=ab-snapshot-chain-b20260914070552&strategy=snapshot-chain - Ok @ 9/14/2026, 2:09:06 AM
SnapshotChainBox.devboxState - Ok @ 9/14/2026, 2:09:06 AM
GET https://kinu-devbox-bench-b20260914070552-snapshot-chain.ashishkmr472.workers.dev/state?box=ab-snapshot-chain-b20260914070552&strategy=snapshot-chain - Ok @ 9/14/2026, 2:09:07 AM
SnapshotChainBox.devboxState - Ok @ 9/14/2026, 2:09:07 AM
GET https://kinu-devbox-bench-b20260914070552-snapshot-chain.ashishkmr472.workers.dev/state?box=ab-snapshot-chain-b20260914070552&strategy=snapshot-chain - Ok @ 9/14/2026, 2:09:07 AM
SnapshotChainBox.devboxState - Ok @ 9/14/2026, 2:09:07 AM
GET https://kinu-devbox-bench-b20260914070552-snapshot-chain.ashishkmr472.workers.dev/state?box=ab-snapshot-chain-b20260914070552&strategy=snapshot-chain - Ok @ 9/14/2026, 2:09:07 AM
SnapshotChainBox.devboxState - Ok @ 9/14/2026, 2:09:07 AM
GET https://kinu-devbox-bench-b20260914070552-snapshot-chain.ashishkmr472.workers.dev/state?box=ab-snapshot-chain-b20260914070552&strategy=snapshot-chain - Ok @ 9/14/2026, 2:09:08 AM
SnapshotChainBox.devboxState - Ok @ 9/14/2026, 2:09:08 AM
GET https://kinu-devbox-bench-b20260914070552-snapshot-chain.ashishkmr472.workers.dev/state?box=ab-snapshot-chain-b20260914070552&strategy=snapshot-chain - Ok @ 9/14/2026, 2:09:08 AM
SnapshotChainBox.devboxState - Ok @ 9/14/2026, 2:09:08 AM
GET https://kinu-devbox-bench-b20260914070552-snapshot-chain.ashishkmr472.workers.dev/state?box=ab-snapshot-chain-b20260914070552&strategy=snapshot-chain - Ok @ 9/14/2026, 2:09:08 AM
SnapshotChainBox.devboxState - Ok @ 9/14/2026, 2:09:08 AM
GET https://kinu-devbox-bench-b20260914070552-snapshot-chain.ashishkmr472.workers.dev/state?box=ab-snapshot-chain-b20260914070552&strategy=snapshot-chain - Ok @ 9/14/2026, 2:09:09 AM
SnapshotChainBox.devboxState - Ok @ 9/14/2026, 2:09:09 AM
Alarm @ 9/14/2026, 2:09:09 AM - Canceled
GET https://kinu-devbox-bench-b20260914070552-snapshot-chain.ashishkmr472.workers.dev/state?box=ab-snapshot-chain-b20260914070552&strategy=snapshot-chain - Ok @ 9/14/2026, 2:09:09 AM
SnapshotChainBox.devboxState - Ok @ 9/14/2026, 2:09:09 AM
GET https://kinu-devbox-bench-b20260914070552-snapshot-chain.ashishkmr472.workers.dev/state?box=ab-snapshot-chain-b20260914070552&strategy=snapshot-chain - Ok @ 9/14/2026, 2:09:09 AM
SnapshotChainBox.devboxState - Ok @ 9/14/2026, 2:09:09 AM
GET https://kinu-devbox-bench-b20260914070552-snapshot-chain.ashishkmr472.workers.dev/state?box=ab-snapshot-chain-b20260914070552&strategy=snapshot-chain - Ok @ 9/14/2026, 2:09:10 AM
SnapshotChainBox.devboxState - Ok @ 9/14/2026, 2:09:10 AM
GET https://kinu-devbox-bench-b20260914070552-snapshot-chain.ashishkmr472.workers.dev/state?box=ab-snapshot-chain-b20260914070552&strategy=snapshot-chain - Ok @ 9/14/2026, 2:09:10 AM
SnapshotChainBox.devboxState - Ok @ 9/14/2026, 2:09:10 AM
GET https://kinu-devbox-bench-b20260914070552-snapshot-chain.ashishkmr472.workers.dev/state?box=ab-snapshot-chain-b20260914070552&strategy=snapshot-chain - Ok @ 9/14/2026, 2:09:10 AM
SnapshotChainBox.devboxState - Ok @ 9/14/2026, 2:09:10 AM
GET https://kinu-devbox-bench-b20260914070552-snapshot-chain.ashishkmr472.workers.dev/incidents?box=ab-snapshot-chain-b20260914070552&strategy=snapshot-chain - Ok @ 9/14/2026, 2:09:11 AM
SnapshotChainBox.devboxIncidentReasons - Ok @ 9/14/2026, 2:09:11 AM
GET https://kinu-devbox-bench-b20260914070552-snapshot-chain.ashishkmr472.workers.dev/state?box=ab-snapshot-chain-b20260914070552&strategy=snapshot-chain - Ok @ 9/14/2026, 2:09:11 AM
SnapshotChainBox.devboxState - Ok @ 9/14/2026, 2:09:11 AM
SnapshotChainBox.destroyContainerForBench - Ok @ 9/14/2026, 2:09:11 AM
  (log) {
  level: 'info',
  message: 'sandbox.destroy success 0 mounts (181ms)',
  component: 'sandbox-do',
  sandboxId: '067c024ccbae4993d0793c436f1bb0aec6ca2e7aeacce959c56c9ac6920201ff',
  traceId: 'tr_55dcae37328a4d0b',
  event: 'sandbox.destroy',
  outcome: 'success',
  durationMs: 181,
  mountsProcessed: 0,
  mountFailures: 0,
  timestamp: '2026-09-14T07:09:11.377Z'
}
POST https://kinu-devbox-bench-b20260914070552-snapshot-chain.ashishkmr472.workers.dev/destroy?box=ab-snapshot-chain-b20260914070552 - Ok @ 9/14/2026, 2:09:11 AM
SnapshotChainBox.kickStartup - Ok @ 9/14/2026, 2:09:11 AM
POST https://kinu-devbox-bench-b20260914070552-snapshot-chain.ashishkmr472.workers.dev/create?box=ab-snapshot-chain-b20260914070552 - Ok @ 9/14/2026, 2:09:11 AM
SnapshotChainBox.devboxState - Ok @ 9/14/2026, 2:09:11 AM
GET https://kinu-devbox-bench-b20260914070552-snapshot-chain.ashishkmr472.workers.dev/state?box=ab-snapshot-chain-b20260914070552&strategy=snapshot-chain - Ok @ 9/14/2026, 2:09:11 AM
GET https://kinu-devbox-bench-b20260914070552-snapshot-chain.ashishkmr472.workers.dev/state?box=ab-snapshot-chain-b20260914070552&strategy=snapshot-chain - Ok @ 9/14/2026, 2:09:11 AM
SnapshotChainBox.devboxState - Ok @ 9/14/2026, 2:09:11 AM
GET https://kinu-devbox-bench-b20260914070552-snapshot-chain.ashishkmr472.workers.dev/state?box=ab-snapshot-chain-b20260914070552&strategy=snapshot-chain - Ok @ 9/14/2026, 2:09:12 AM
SnapshotChainBox.devboxState - Ok @ 9/14/2026, 2:09:12 AM
GET https://kinu-devbox-bench-b20260914070552-snapshot-chain.ashishkmr472.workers.dev/state?box=ab-snapshot-chain-b20260914070552&strategy=snapshot-chain - Ok @ 9/14/2026, 2:09:12 AM
SnapshotChainBox.devboxState - Ok @ 9/14/2026, 2:09:12 AM
GET https://kinu-devbox-bench-b20260914070552-snapshot-chain.ashishkmr472.workers.dev/state?box=ab-snapshot-chain-b20260914070552&strategy=snapshot-chain - Ok @ 9/14/2026, 2:09:12 AM
SnapshotChainBox.devboxState - Ok @ 9/14/2026, 2:09:12 AM
GET https://kinu-devbox-bench-b20260914070552-snapshot-chain.ashishkmr472.workers.dev/state?box=ab-snapshot-chain-b20260914070552&strategy=snapshot-chain - Ok @ 9/14/2026, 2:09:12 AM
SnapshotChainBox.devboxState - Ok @ 9/14/2026, 2:09:12 AM
GET https://kinu-devbox-bench-b20260914070552-snapshot-chain.ashishkmr472.workers.dev/state?box=ab-snapshot-chain-b20260914070552&strategy=snapshot-chain - Ok @ 9/14/2026, 2:09:13 AM
SnapshotChainBox.devboxState - Ok @ 9/14/2026, 2:09:13 AM
GET https://kinu-devbox-bench-b20260914070552-snapshot-chain.ashishkmr472.workers.dev/state?box=ab-snapshot-chain-b20260914070552&strategy=snapshot-chain - Ok @ 9/14/2026, 2:09:13 AM
SnapshotChainBox.devboxState - Ok @ 9/14/2026, 2:09:13 AM
GET https://kinu-devbox-bench-b20260914070552-snapshot-chain.ashishkmr472.workers.dev/state?box=ab-snapshot-chain-b20260914070552&strategy=snapshot-chain - Ok @ 9/14/2026, 2:09:13 AM
SnapshotChainBox.devboxState - Ok @ 9/14/2026, 2:09:13 AM
GET https://kinu-devbox-bench-b20260914070552-snapshot-chain.ashishkmr472.workers.dev/state?box=ab-snapshot-chain-b20260914070552&strategy=snapshot-chain - Ok @ 9/14/2026, 2:09:14 AM
SnapshotChainBox.devboxState - Ok @ 9/14/2026, 2:09:14 AM
GET https://kinu-devbox-bench-b20260914070552-snapshot-chain.ashishkmr472.workers.dev/state?box=ab-snapshot-chain-b20260914070552&strategy=snapshot-chain - Ok @ 9/14/2026, 2:09:14 AM
SnapshotChainBox.devboxState - Ok @ 9/14/2026, 2:09:14 AM
GET https://kinu-devbox-bench-b20260914070552-snapshot-chain.ashishkmr472.workers.dev/state?box=ab-snapshot-chain-b20260914070552&strategy=snapshot-chain - Ok @ 9/14/2026, 2:09:14 AM
SnapshotChainBox.devboxState - Ok @ 9/14/2026, 2:09:14 AM
GET https://kinu-devbox-bench-b20260914070552-snapshot-chain.ashishkmr472.workers.dev/state?box=ab-snapshot-chain-b20260914070552&strategy=snapshot-chain - Ok @ 9/14/2026, 2:09:14 AM
SnapshotChainBox.devboxState - Ok @ 9/14/2026, 2:09:14 AM
GET https://kinu-devbox-bench-b20260914070552-snapshot-chain.ashishkmr472.workers.dev/state?box=ab-snapshot-chain-b20260914070552&strategy=snapshot-chain - Ok @ 9/14/2026, 2:09:15 AM
SnapshotChainBox.devboxState - Ok @ 9/14/2026, 2:09:15 AM
GET https://kinu-devbox-bench-b20260914070552-snapshot-chain.ashishkmr472.workers.dev/state?box=ab-snapshot-chain-b20260914070552&strategy=snapshot-chain - Ok @ 9/14/2026, 2:09:15 AM
SnapshotChainBox.devboxState - Ok @ 9/14/2026, 2:09:15 AM
GET https://kinu-devbox-bench-b20260914070552-snapshot-chain.ashishkmr472.workers.dev/state?box=ab-snapshot-chain-b20260914070552&strategy=snapshot-chain - Ok @ 9/14/2026, 2:09:15 AM
SnapshotChainBox.devboxState - Ok @ 9/14/2026, 2:09:15 AM
GET https://kinu-devbox-bench-b20260914070552-snapshot-chain.ashishkmr472.workers.dev/state?box=ab-snapshot-chain-b20260914070552&strategy=snapshot-chain - Ok @ 9/14/2026, 2:09:16 AM
SnapshotChainBox.devboxState - Ok @ 9/14/2026, 2:09:16 AM
GET https://kinu-devbox-bench-b20260914070552-snapshot-chain.ashishkmr472.workers.dev/state?box=ab-snapshot-chain-b20260914070552&strategy=snapshot-chain - Ok @ 9/14/2026, 2:09:16 AM
SnapshotChainBox.devboxState - Ok @ 9/14/2026, 2:09:16 AM
GET https://kinu-devbox-bench-b20260914070552-snapshot-chain.ashishkmr472.workers.dev/state?box=ab-snapshot-chain-b20260914070552&strategy=snapshot-chain - Ok @ 9/14/2026, 2:09:16 AM
SnapshotChainBox.devboxState - Ok @ 9/14/2026, 2:09:16 AM
GET https://kinu-devbox-bench-b20260914070552-snapshot-chain.ashishkmr472.workers.dev/state?box=ab-snapshot-chain-b20260914070552&strategy=snapshot-chain - Ok @ 9/14/2026, 2:09:17 AM
GET https://kinu-devbox-bench-b20260914070552-snapshot-chain.ashishkmr472.workers.dev/state?box=ab-snapshot-chain-b20260914070552&strategy=snapshot-chain - Ok @ 9/14/2026, 2:09:17 AM
SnapshotChainBox.devboxState - Ok @ 9/14/2026, 2:09:17 AM
SnapshotChainBox.devboxState - Ok @ 9/14/2026, 2:09:17 AM
  (log) {"event":"devbox.startup.admit.exit","at":1789369757579,"generation":2,"ms":6000,"admitted":false,"owned":true,"running":true,"reason":"Container request aborted.: The container is not listening in the TCP address 10.0.0.1:3000"}
  (log) {"event":"devbox.startup.flight.exit","at":1789369757645,"generation":2,"ms":6066,"settled":true,"phase":"unstarted"}
SnapshotChainBox.exec - Ok @ 9/14/2026, 2:09:11 AM
  (log) {"event":"devbox.readiness.enter","at":1789369751579,"generation":2,"running":false,"phase":"unstarted"}
  (log) {"event":"devbox.startup.flight.open","at":1789369751579,"generation":2,"running":false,"phase":"unstarted"}
  (log) {"event":"devbox.startup.admit.enter","at":1789369751579,"generation":2,"running":false}
POST https://kinu-devbox-bench-b20260914070552-snapshot-chain.ashishkmr472.workers.dev/exec?box=ab-snapshot-chain-b20260914070552 - Ok @ 9/14/2026, 2:09:11 AM
GET https://kinu-devbox-bench-b20260914070552-snapshot-chain.ashishkmr472.workers.dev/state?box=ab-snapshot-chain-b20260914070552&strategy=snapshot-chain - Ok @ 9/14/2026, 2:09:17 AM
SnapshotChainBox.devboxState - Ok @ 9/14/2026, 2:09:17 AM
GET https://kinu-devbox-bench-b20260914070552-snapshot-chain.ashishkmr472.workers.dev/state?box=ab-snapshot-chain-b20260914070552&strategy=snapshot-chain - Ok @ 9/14/2026, 2:09:17 AM
SnapshotChainBox.devboxState - Ok @ 9/14/2026, 2:09:17 AM
GET https://kinu-devbox-bench-b20260914070552-snapshot-chain.ashishkmr472.workers.dev/state?box=ab-snapshot-chain-b20260914070552&strategy=snapshot-chain - Ok @ 9/14/2026, 2:09:18 AM
SnapshotChainBox.devboxState - Ok @ 9/14/2026, 2:09:18 AM
GET https://kinu-devbox-bench-b20260914070552-snapshot-chain.ashishkmr472.workers.dev/state?box=ab-snapshot-chain-b20260914070552&strategy=snapshot-chain - Ok @ 9/14/2026, 2:09:18 AM
SnapshotChainBox.devboxState - Ok @ 9/14/2026, 2:09:18 AM
GET https://kinu-devbox-bench-b20260914070552-snapshot-chain.ashishkmr472.workers.dev/state?box=ab-snapshot-chain-b20260914070552&strategy=snapshot-chain - Ok @ 9/14/2026, 2:09:18 AM
SnapshotChainBox.devboxState - Ok @ 9/14/2026, 2:09:18 AM
GET https://kinu-devbox-bench-b20260914070552-snapshot-chain.ashishkmr472.workers.dev/state?box=ab-snapshot-chain-b20260914070552&strategy=snapshot-chain - Ok @ 9/14/2026, 2:09:19 AM
SnapshotChainBox.devboxState - Ok @ 9/14/2026, 2:09:19 AM
GET https://kinu-devbox-bench-b20260914070552-snapshot-chain.ashishkmr472.workers.dev/state?box=ab-snapshot-chain-b20260914070552&strategy=snapshot-chain - Ok @ 9/14/2026, 2:09:19 AM
SnapshotChainBox.devboxState - Ok @ 9/14/2026, 2:09:19 AM
GET https://kinu-devbox-bench-b20260914070552-snapshot-chain.ashishkmr472.workers.dev/state?box=ab-snapshot-chain-b20260914070552&strategy=snapshot-chain - Ok @ 9/14/2026, 2:09:19 AM
SnapshotChainBox.devboxState - Ok @ 9/14/2026, 2:09:19 AM
GET https://kinu-devbox-bench-b20260914070552-snapshot-chain.ashishkmr472.workers.dev/state?box=ab-snapshot-chain-b20260914070552&strategy=snapshot-chain - Ok @ 9/14/2026, 2:09:20 AM
SnapshotChainBox.devboxState - Ok @ 9/14/2026, 2:09:20 AM
GET https://kinu-devbox-bench-b20260914070552-snapshot-chain.ashishkmr472.workers.dev/state?box=ab-snapshot-chain-b20260914070552&strategy=snapshot-chain - Ok @ 9/14/2026, 2:09:20 AM
SnapshotChainBox.devboxState - Ok @ 9/14/2026, 2:09:20 AM
GET https://kinu-devbox-bench-b20260914070552-snapshot-chain.ashishkmr472.workers.dev/state?box=ab-snapshot-chain-b20260914070552&strategy=snapshot-chain - Ok @ 9/14/2026, 2:09:20 AM
SnapshotChainBox.devboxState - Ok @ 9/14/2026, 2:09:20 AM
GET https://kinu-devbox-bench-b20260914070552-snapshot-chain.ashishkmr472.workers.dev/state?box=ab-snapshot-chain-b20260914070552&strategy=snapshot-chain - Ok @ 9/14/2026, 2:09:21 AM
SnapshotChainBox.devboxState - Ok @ 9/14/2026, 2:09:21 AM
GET https://kinu-devbox-bench-b20260914070552-snapshot-chain.ashishkmr472.workers.dev/state?box=ab-snapshot-chain-b20260914070552&strategy=snapshot-chain - Ok @ 9/14/2026, 2:09:21 AM
SnapshotChainBox.devboxState - Ok @ 9/14/2026, 2:09:21 AM
GET https://kinu-devbox-bench-b20260914070552-snapshot-chain.ashishkmr472.workers.dev/state?box=ab-snapshot-chain-b20260914070552&strategy=snapshot-chain - Ok @ 9/14/2026, 2:09:21 AM
GET https://kinu-devbox-bench-b20260914070552-snapshot-chain.ashishkmr472.workers.dev/state?box=ab-snapshot-chain-b20260914070552&strategy=snapshot-chain - Ok @ 9/14/2026, 2:09:22 AM
SnapshotChainBox.devboxState - Ok @ 9/14/2026, 2:09:21 AM
SnapshotChainBox.devboxState - Ok @ 9/14/2026, 2:09:22 AM
GET https://kinu-devbox-bench-b20260914070552-snapshot-chain.ashishkmr472.workers.dev/state?box=ab-snapshot-chain-b20260914070552&strategy=snapshot-chain - Ok @ 9/14/2026, 2:09:22 AM
SnapshotChainBox.devboxState - Ok @ 9/14/2026, 2:09:22 AM
GET https://kinu-devbox-bench-b20260914070552-snapshot-chain.ashishkmr472.workers.dev/state?box=ab-snapshot-chain-b20260914070552&strategy=snapshot-chain - Ok @ 9/14/2026, 2:09:22 AM
SnapshotChainBox.devboxState - Ok @ 9/14/2026, 2:09:22 AM
GET https://kinu-devbox-bench-b20260914070552-snapshot-chain.ashishkmr472.workers.dev/state?box=ab-snapshot-chain-b20260914070552&strategy=snapshot-chain - Ok @ 9/14/2026, 2:09:23 AM
SnapshotChainBox.devboxState - Ok @ 9/14/2026, 2:09:23 AM
GET https://kinu-devbox-bench-b20260914070552-snapshot-chain.ashishkmr472.workers.dev/state?box=ab-snapshot-chain-b20260914070552&strategy=snapshot-chain - Ok @ 9/14/2026, 2:09:23 AM
SnapshotChainBox.devboxState - Ok @ 9/14/2026, 2:09:23 AM
GET https://kinu-devbox-bench-b20260914070552-snapshot-chain.ashishkmr472.workers.dev/state?box=ab-snapshot-chain-b20260914070552&strategy=snapshot-chain - Ok @ 9/14/2026, 2:09:23 AM
SnapshotChainBox.devboxState - Ok @ 9/14/2026, 2:09:23 AM
GET https://kinu-devbox-bench-b20260914070552-snapshot-chain.ashishkmr472.workers.dev/state?box=ab-snapshot-chain-b20260914070552&strategy=snapshot-chain - Ok @ 9/14/2026, 2:09:23 AM
SnapshotChainBox.devboxState - Ok @ 9/14/2026, 2:09:23 AM
GET https://kinu-devbox-bench-b20260914070552-snapshot-chain.ashishkmr472.workers.dev/state?box=ab-snapshot-chain-b20260914070552&strategy=snapshot-chain - Ok @ 9/14/2026, 2:09:24 AM
SnapshotChainBox.devboxState - Ok @ 9/14/2026, 2:09:24 AM
GET https://kinu-devbox-bench-b20260914070552-snapshot-chain.ashishkmr472.workers.dev/state?box=ab-snapshot-chain-b20260914070552&strategy=snapshot-chain - Ok @ 9/14/2026, 2:09:24 AM
SnapshotChainBox.devboxState - Ok @ 9/14/2026, 2:09:24 AM
GET https://kinu-devbox-bench-b20260914070552-snapshot-chain.ashishkmr472.workers.dev/state?box=ab-snapshot-chain-b20260914070552&strategy=snapshot-chain - Ok @ 9/14/2026, 2:09:24 AM
SnapshotChainBox.devboxState - Ok @ 9/14/2026, 2:09:24 AM
GET https://kinu-devbox-bench-b20260914070552-snapshot-chain.ashishkmr472.workers.dev/state?box=ab-snapshot-chain-b20260914070552&strategy=snapshot-chain - Ok @ 9/14/2026, 2:09:25 AM
SnapshotChainBox.devboxState - Ok @ 9/14/2026, 2:09:25 AM
GET https://kinu-devbox-bench-b20260914070552-snapshot-chain.ashishkmr472.workers.dev/state?box=ab-snapshot-chain-b20260914070552&strategy=snapshot-chain - Ok @ 9/14/2026, 2:09:25 AM
SnapshotChainBox.devboxState - Ok @ 9/14/2026, 2:09:25 AM
GET https://kinu-devbox-bench-b20260914070552-snapshot-chain.ashishkmr472.workers.dev/state?box=ab-snapshot-chain-b20260914070552&strategy=snapshot-chain - Ok @ 9/14/2026, 2:09:25 AM
SnapshotChainBox.devboxState - Ok @ 9/14/2026, 2:09:25 AM
GET https://kinu-devbox-bench-b20260914070552-snapshot-chain.ashishkmr472.workers.dev/state?box=ab-snapshot-chain-b20260914070552&strategy=snapshot-chain - Ok @ 9/14/2026, 2:09:26 AM
SnapshotChainBox.devboxState - Ok @ 9/14/2026, 2:09:26 AM
GET https://kinu-devbox-bench-b20260914070552-snapshot-chain.ashishkmr472.workers.dev/state?box=ab-snapshot-chain-b20260914070552&strategy=snapshot-chain - Ok @ 9/14/2026, 2:09:26 AM
SnapshotChainBox.devboxState - Ok @ 9/14/2026, 2:09:26 AM
GET https://kinu-devbox-bench-b20260914070552-snapshot-chain.ashishkmr472.workers.dev/state?box=ab-snapshot-chain-b20260914070552&strategy=snapshot-chain - Ok @ 9/14/2026, 2:09:26 AM
SnapshotChainBox.devboxState - Ok @ 9/14/2026, 2:09:26 AM
GET https://kinu-devbox-bench-b20260914070552-snapshot-chain.ashishkmr472.workers.dev/state?box=ab-snapshot-chain-b20260914070552&strategy=snapshot-chain - Ok @ 9/14/2026, 2:09:27 AM
SnapshotChainBox.devboxState - Ok @ 9/14/2026, 2:09:27 AM
GET https://kinu-devbox-bench-b20260914070552-snapshot-chain.ashishkmr472.workers.dev/state?box=ab-snapshot-chain-b20260914070552&strategy=snapshot-chain - Ok @ 9/14/2026, 2:09:27 AM
SnapshotChainBox.devboxState - Ok @ 9/14/2026, 2:09:27 AM
GET https://kinu-devbox-bench-b20260914070552-snapshot-chain.ashishkmr472.workers.dev/state?box=ab-snapshot-chain-b20260914070552&strategy=snapshot-chain - Ok @ 9/14/2026, 2:09:27 AM
SnapshotChainBox.devboxState - Ok @ 9/14/2026, 2:09:27 AM
GET https://kinu-devbox-bench-b20260914070552-snapshot-chain.ashishkmr472.workers.dev/state?box=ab-snapshot-chain-b20260914070552&strategy=snapshot-chain - Ok @ 9/14/2026, 2:09:28 AM
SnapshotChainBox.devboxState - Ok @ 9/14/2026, 2:09:28 AM
GET https://kinu-devbox-bench-b20260914070552-snapshot-chain.ashishkmr472.workers.dev/state?box=ab-snapshot-chain-b20260914070552&strategy=snapshot-chain - Ok @ 9/14/2026, 2:09:28 AM
SnapshotChainBox.devboxState - Ok @ 9/14/2026, 2:09:28 AM
GET https://kinu-devbox-bench-b20260914070552-snapshot-chain.ashishkmr472.workers.dev/state?box=ab-snapshot-chain-b20260914070552&strategy=snapshot-chain - Ok @ 9/14/2026, 2:09:28 AM
SnapshotChainBox.devboxState - Ok @ 9/14/2026, 2:09:28 AM
GET https://kinu-devbox-bench-b20260914070552-snapshot-chain.ashishkmr472.workers.dev/state?box=ab-snapshot-chain-b20260914070552&strategy=snapshot-chain - Ok @ 9/14/2026, 2:09:28 AM
SnapshotChainBox.devboxState - Ok @ 9/14/2026, 2:09:28 AM
GET https://kinu-devbox-bench-b20260914070552-snapshot-chain.ashishkmr472.workers.dev/state?box=ab-snapshot-chain-b20260914070552&strategy=snapshot-chain - Ok @ 9/14/2026, 2:09:29 AM
SnapshotChainBox.devboxState - Ok @ 9/14/2026, 2:09:29 AM
GET https://kinu-devbox-bench-b20260914070552-snapshot-chain.ashishkmr472.workers.dev/state?box=ab-snapshot-chain-b20260914070552&strategy=snapshot-chain - Ok @ 9/14/2026, 2:09:29 AM
SnapshotChainBox.devboxState - Ok @ 9/14/2026, 2:09:29 AM
GET https://kinu-devbox-bench-b20260914070552-snapshot-chain.ashishkmr472.workers.dev/state?box=ab-snapshot-chain-b20260914070552&strategy=snapshot-chain - Ok @ 9/14/2026, 2:09:29 AM
SnapshotChainBox.devboxState - Ok @ 9/14/2026, 2:09:29 AM
GET https://kinu-devbox-bench-b20260914070552-snapshot-chain.ashishkmr472.workers.dev/state?box=ab-snapshot-chain-b20260914070552&strategy=snapshot-chain - Ok @ 9/14/2026, 2:09:30 AM
SnapshotChainBox.devboxState - Ok @ 9/14/2026, 2:09:30 AM
GET https://kinu-devbox-bench-b20260914070552-snapshot-chain.ashishkmr472.workers.dev/state?box=ab-snapshot-chain-b20260914070552&strategy=snapshot-chain - Ok @ 9/14/2026, 2:09:30 AM
SnapshotChainBox.devboxState - Ok @ 9/14/2026, 2:09:30 AM
GET https://kinu-devbox-bench-b20260914070552-snapshot-chain.ashishkmr472.workers.dev/state?box=ab-snapshot-chain-b20260914070552&strategy=snapshot-chain - Ok @ 9/14/2026, 2:09:30 AM
SnapshotChainBox.devboxState - Ok @ 9/14/2026, 2:09:30 AM
GET https://kinu-devbox-bench-b20260914070552-snapshot-chain.ashishkmr472.workers.dev/state?box=ab-snapshot-chain-b20260914070552&strategy=snapshot-chain - Ok @ 9/14/2026, 2:09:31 AM
SnapshotChainBox.devboxState - Ok @ 9/14/2026, 2:09:31 AM
GET https://kinu-devbox-bench-b20260914070552-snapshot-chain.ashishkmr472.workers.dev/state?box=ab-snapshot-chain-b20260914070552&strategy=snapshot-chain - Ok @ 9/14/2026, 2:09:31 AM
SnapshotChainBox.devboxState - Ok @ 9/14/2026, 2:09:31 AM
GET https://kinu-devbox-bench-b20260914070552-snapshot-chain.ashishkmr472.workers.dev/state?box=ab-snapshot-chain-b20260914070552&strategy=snapshot-chain - Ok @ 9/14/2026, 2:09:31 AM
SnapshotChainBox.devboxState - Ok @ 9/14/2026, 2:09:31 AM
GET https://kinu-devbox-bench-b20260914070552-snapshot-chain.ashishkmr472.workers.dev/state?box=ab-snapshot-chain-b20260914070552&strategy=snapshot-chain - Ok @ 9/14/2026, 2:09:32 AM
SnapshotChainBox.devboxState - Ok @ 9/14/2026, 2:09:32 AM
GET https://kinu-devbox-bench-b20260914070552-snapshot-chain.ashishkmr472.workers.dev/state?box=ab-snapshot-chain-b20260914070552&strategy=snapshot-chain - Ok @ 9/14/2026, 2:09:32 AM
SnapshotChainBox.devboxState - Ok @ 9/14/2026, 2:09:32 AM
GET https://kinu-devbox-bench-b20260914070552-snapshot-chain.ashishkmr472.workers.dev/state?box=ab-snapshot-chain-b20260914070552&strategy=snapshot-chain - Ok @ 9/14/2026, 2:09:32 AM
SnapshotChainBox.devboxState - Ok @ 9/14/2026, 2:09:32 AM
GET https://kinu-devbox-bench-b20260914070552-snapshot-chain.ashishkmr472.workers.dev/state?box=ab-snapshot-chain-b20260914070552&strategy=snapshot-chain - Ok @ 9/14/2026, 2:09:33 AM
SnapshotChainBox.devboxState - Ok @ 9/14/2026, 2:09:33 AM
GET https://kinu-devbox-bench-b20260914070552-snapshot-chain.ashishkmr472.workers.dev/state?box=ab-snapshot-chain-b20260914070552&strategy=snapshot-chain - Ok @ 9/14/2026, 2:09:33 AM
SnapshotChainBox.devboxState - Ok @ 9/14/2026, 2:09:33 AM
GET https://kinu-devbox-bench-b20260914070552-snapshot-chain.ashishkmr472.workers.dev/state?box=ab-snapshot-chain-b20260914070552&strategy=snapshot-chain - Ok @ 9/14/2026, 2:09:33 AM
SnapshotChainBox.devboxState - Ok @ 9/14/2026, 2:09:33 AM
GET https://kinu-devbox-bench-b20260914070552-snapshot-chain.ashishkmr472.workers.dev/state?box=ab-snapshot-chain-b20260914070552&strategy=snapshot-chain - Ok @ 9/14/2026, 2:09:34 AM
SnapshotChainBox.devboxState - Ok @ 9/14/2026, 2:09:34 AM
GET https://kinu-devbox-bench-b20260914070552-snapshot-chain.ashishkmr472.workers.dev/state?box=ab-snapshot-chain-b20260914070552&strategy=snapshot-chain - Ok @ 9/14/2026, 2:09:34 AM
SnapshotChainBox.devboxState - Ok @ 9/14/2026, 2:09:34 AM
GET https://kinu-devbox-bench-b20260914070552-snapshot-chain.ashishkmr472.workers.dev/state?box=ab-snapshot-chain-b20260914070552&strategy=snapshot-chain - Ok @ 9/14/2026, 2:09:34 AM
SnapshotChainBox.devboxState - Ok @ 9/14/2026, 2:09:34 AM
GET https://kinu-devbox-bench-b20260914070552-snapshot-chain.ashishkmr472.workers.dev/state?box=ab-snapshot-chain-b20260914070552&strategy=snapshot-chain - Ok @ 9/14/2026, 2:09:34 AM
SnapshotChainBox.devboxState - Ok @ 9/14/2026, 2:09:34 AM
GET https://kinu-devbox-bench-b20260914070552-snapshot-chain.ashishkmr472.workers.dev/state?box=ab-snapshot-chain-b20260914070552&strategy=snapshot-chain - Ok @ 9/14/2026, 2:09:35 AM
SnapshotChainBox.devboxState - Ok @ 9/14/2026, 2:09:35 AM
GET https://kinu-devbox-bench-b20260914070552-snapshot-chain.ashishkmr472.workers.dev/state?box=ab-snapshot-chain-b20260914070552&strategy=snapshot-chain - Ok @ 9/14/2026, 2:09:35 AM
SnapshotChainBox.devboxState - Ok @ 9/14/2026, 2:09:35 AM
GET https://kinu-devbox-bench-b20260914070552-snapshot-chain.ashishkmr472.workers.dev/state?box=ab-snapshot-chain-b20260914070552&strategy=snapshot-chain - Ok @ 9/14/2026, 2:09:35 AM
SnapshotChainBox.devboxState - Ok @ 9/14/2026, 2:09:35 AM
GET https://kinu-devbox-bench-b20260914070552-snapshot-chain.ashishkmr472.workers.dev/state?box=ab-snapshot-chain-b20260914070552&strategy=snapshot-chain - Ok @ 9/14/2026, 2:09:36 AM
SnapshotChainBox.devboxState - Ok @ 9/14/2026, 2:09:36 AM
GET https://kinu-devbox-bench-b20260914070552-snapshot-chain.ashishkmr472.workers.dev/state?box=ab-snapshot-chain-b20260914070552&strategy=snapshot-chain - Ok @ 9/14/2026, 2:09:36 AM
SnapshotChainBox.devboxState - Ok @ 9/14/2026, 2:09:36 AM
GET https://kinu-devbox-bench-b20260914070552-snapshot-chain.ashishkmr472.workers.dev/state?box=ab-snapshot-chain-b20260914070552&strategy=snapshot-chain - Ok @ 9/14/2026, 2:09:36 AM
SnapshotChainBox.devboxState - Ok @ 9/14/2026, 2:09:36 AM
GET https://kinu-devbox-bench-b20260914070552-snapshot-chain.ashishkmr472.workers.dev/state?box=ab-snapshot-chain-b20260914070552&strategy=snapshot-chain - Ok @ 9/14/2026, 2:09:37 AM
SnapshotChainBox.devboxState - Ok @ 9/14/2026, 2:09:37 AM
GET https://kinu-devbox-bench-b20260914070552-snapshot-chain.ashishkmr472.workers.dev/state?box=ab-snapshot-chain-b20260914070552&strategy=snapshot-chain - Ok @ 9/14/2026, 2:09:37 AM
SnapshotChainBox.devboxState - Ok @ 9/14/2026, 2:09:37 AM
GET https://kinu-devbox-bench-b20260914070552-snapshot-chain.ashishkmr472.workers.dev/state?box=ab-snapshot-chain-b20260914070552&strategy=snapshot-chain - Ok @ 9/14/2026, 2:09:37 AM
SnapshotChainBox.devboxState - Ok @ 9/14/2026, 2:09:37 AM
GET https://kinu-devbox-bench-b20260914070552-snapshot-chain.ashishkmr472.workers.dev/state?box=ab-snapshot-chain-b20260914070552&strategy=snapshot-chain - Ok @ 9/14/2026, 2:09:38 AM
SnapshotChainBox.devboxState - Ok @ 9/14/2026, 2:09:38 AM
GET https://kinu-devbox-bench-b20260914070552-snapshot-chain.ashishkmr472.workers.dev/state?box=ab-snapshot-chain-b20260914070552&strategy=snapshot-chain - Ok @ 9/14/2026, 2:09:38 AM
SnapshotChainBox.devboxState - Ok @ 9/14/2026, 2:09:38 AM
GET https://kinu-devbox-bench-b20260914070552-snapshot-chain.ashishkmr472.workers.dev/state?box=ab-snapshot-chain-b20260914070552&strategy=snapshot-chain - Ok @ 9/14/2026, 2:09:38 AM
SnapshotChainBox.devboxState - Ok @ 9/14/2026, 2:09:38 AM
GET https://kinu-devbox-bench-b20260914070552-snapshot-chain.ashishkmr472.workers.dev/state?box=ab-snapshot-chain-b20260914070552&strategy=snapshot-chain - Ok @ 9/14/2026, 2:09:39 AM
SnapshotChainBox.devboxState - Ok @ 9/14/2026, 2:09:39 AM
GET https://kinu-devbox-bench-b20260914070552-snapshot-chain.ashishkmr472.workers.dev/state?box=ab-snapshot-chain-b20260914070552&strategy=snapshot-chain - Ok @ 9/14/2026, 2:09:39 AM
SnapshotChainBox.devboxState - Ok @ 9/14/2026, 2:09:39 AM
GET https://kinu-devbox-bench-b20260914070552-snapshot-chain.ashishkmr472.workers.dev/state?box=ab-snapshot-chain-b20260914070552&strategy=snapshot-chain - Ok @ 9/14/2026, 2:09:39 AM
SnapshotChainBox.devboxState - Ok @ 9/14/2026, 2:09:39 AM
GET https://kinu-devbox-bench-b20260914070552-snapshot-chain.ashishkmr472.workers.dev/state?box=ab-snapshot-chain-b20260914070552&strategy=snapshot-chain - Ok @ 9/14/2026, 2:09:40 AM
SnapshotChainBox.devboxState - Ok @ 9/14/2026, 2:09:40 AM
GET https://kinu-devbox-bench-b20260914070552-snapshot-chain.ashishkmr472.workers.dev/state?box=ab-snapshot-chain-b20260914070552&strategy=snapshot-chain - Ok @ 9/14/2026, 2:09:40 AM
SnapshotChainBox.devboxState - Ok @ 9/14/2026, 2:09:40 AM
GET https://kinu-devbox-bench-b20260914070552-snapshot-chain.ashishkmr472.workers.dev/state?box=ab-snapshot-chain-b20260914070552&strategy=snapshot-chain - Ok @ 9/14/2026, 2:09:40 AM
SnapshotChainBox.devboxState - Ok @ 9/14/2026, 2:09:40 AM
GET https://kinu-devbox-bench-b20260914070552-snapshot-chain.ashishkmr472.workers.dev/state?box=ab-snapshot-chain-b20260914070552&strategy=snapshot-chain - Ok @ 9/14/2026, 2:09:40 AM
SnapshotChainBox.devboxState - Ok @ 9/14/2026, 2:09:40 AM
GET https://kinu-devbox-bench-b20260914070552-snapshot-chain.ashishkmr472.workers.dev/state?box=ab-snapshot-chain-b20260914070552&strategy=snapshot-chain - Ok @ 9/14/2026, 2:09:41 AM
SnapshotChainBox.devboxState - Ok @ 9/14/2026, 2:09:41 AM
GET https://kinu-devbox-bench-b20260914070552-snapshot-chain.ashishkmr472.workers.dev/state?box=ab-snapshot-chain-b20260914070552&strategy=snapshot-chain - Ok @ 9/14/2026, 2:09:41 AM
SnapshotChainBox.devboxState - Ok @ 9/14/2026, 2:09:41 AM
GET https://kinu-devbox-bench-b20260914070552-snapshot-chain.ashishkmr472.workers.dev/state?box=ab-snapshot-chain-b20260914070552&strategy=snapshot-chain - Ok @ 9/14/2026, 2:09:41 AM
SnapshotChainBox.devboxState - Ok @ 9/14/2026, 2:09:41 AM
GET https://kinu-devbox-bench-b20260914070552-snapshot-chain.ashishkmr472.workers.dev/state?box=ab-snapshot-chain-b20260914070552&strategy=snapshot-chain - Ok @ 9/14/2026, 2:09:42 AM
SnapshotChainBox.devboxState - Ok @ 9/14/2026, 2:09:42 AM
GET https://kinu-devbox-bench-b20260914070552-snapshot-chain.ashishkmr472.workers.dev/state?box=ab-snapshot-chain-b20260914070552&strategy=snapshot-chain - Ok @ 9/14/2026, 2:09:42 AM
SnapshotChainBox.devboxState - Ok @ 9/14/2026, 2:09:42 AM
GET https://kinu-devbox-bench-b20260914070552-snapshot-chain.ashishkmr472.workers.dev/state?box=ab-snapshot-chain-b20260914070552&strategy=snapshot-chain - Ok @ 9/14/2026, 2:09:42 AM
SnapshotChainBox.devboxState - Ok @ 9/14/2026, 2:09:42 AM
GET https://kinu-devbox-bench-b20260914070552-snapshot-chain.ashishkmr472.workers.dev/state?box=ab-snapshot-chain-b20260914070552&strategy=snapshot-chain - Ok @ 9/14/2026, 2:09:43 AM
SnapshotChainBox.devboxState - Ok @ 9/14/2026, 2:09:43 AM
GET https://kinu-devbox-bench-b20260914070552-snapshot-chain.ashishkmr472.workers.dev/state?box=ab-snapshot-chain-b20260914070552&strategy=snapshot-chain - Ok @ 9/14/2026, 2:09:43 AM
SnapshotChainBox.devboxState - Ok @ 9/14/2026, 2:09:43 AM
GET https://kinu-devbox-bench-b20260914070552-snapshot-chain.ashishkmr472.workers.dev/state?box=ab-snapshot-chain-b20260914070552&strategy=snapshot-chain - Ok @ 9/14/2026, 2:09:43 AM
SnapshotChainBox.devboxState - Ok @ 9/14/2026, 2:09:43 AM
GET https://kinu-devbox-bench-b20260914070552-snapshot-chain.ashishkmr472.workers.dev/state?box=ab-snapshot-chain-b20260914070552&strategy=snapshot-chain - Ok @ 9/14/2026, 2:09:44 AM
SnapshotChainBox.devboxState - Ok @ 9/14/2026, 2:09:44 AM
GET https://kinu-devbox-bench-b20260914070552-snapshot-chain.ashishkmr472.workers.dev/state?box=ab-snapshot-chain-b20260914070552&strategy=snapshot-chain - Ok @ 9/14/2026, 2:09:44 AM
SnapshotChainBox.devboxState - Ok @ 9/14/2026, 2:09:44 AM
GET https://kinu-devbox-bench-b20260914070552-snapshot-chain.ashishkmr472.workers.dev/state?box=ab-snapshot-chain-b20260914070552&strategy=snapshot-chain - Ok @ 9/14/2026, 2:09:44 AM
SnapshotChainBox.devboxState - Ok @ 9/14/2026, 2:09:44 AM
GET https://kinu-devbox-bench-b20260914070552-snapshot-chain.ashishkmr472.workers.dev/state?box=ab-snapshot-chain-b20260914070552&strategy=snapshot-chain - Ok @ 9/14/2026, 2:09:45 AM
SnapshotChainBox.devboxState - Ok @ 9/14/2026, 2:09:45 AM
GET https://kinu-devbox-bench-b20260914070552-snapshot-chain.ashishkmr472.workers.dev/state?box=ab-snapshot-chain-b20260914070552&strategy=snapshot-chain - Ok @ 9/14/2026, 2:09:45 AM
SnapshotChainBox.devboxState - Ok @ 9/14/2026, 2:09:45 AM
GET https://kinu-devbox-bench-b20260914070552-snapshot-chain.ashishkmr472.workers.dev/state?box=ab-snapshot-chain-b20260914070552&strategy=snapshot-chain - Ok @ 9/14/2026, 2:09:45 AM
SnapshotChainBox.devboxState - Ok @ 9/14/2026, 2:09:45 AM
GET https://kinu-devbox-bench-b20260914070552-snapshot-chain.ashishkmr472.workers.dev/state?box=ab-snapshot-chain-b20260914070552&strategy=snapshot-chain - Ok @ 9/14/2026, 2:09:45 AM
SnapshotChainBox.devboxState - Ok @ 9/14/2026, 2:09:45 AM
GET https://kinu-devbox-bench-b20260914070552-snapshot-chain.ashishkmr472.workers.dev/state?box=ab-snapshot-chain-b20260914070552&strategy=snapshot-chain - Ok @ 9/14/2026, 2:09:46 AM
SnapshotChainBox.devboxState - Ok @ 9/14/2026, 2:09:46 AM
GET https://kinu-devbox-bench-b20260914070552-snapshot-chain.ashishkmr472.workers.dev/state?box=ab-snapshot-chain-b20260914070552&strategy=snapshot-chain - Ok @ 9/14/2026, 2:09:46 AM
SnapshotChainBox.devboxState - Ok @ 9/14/2026, 2:09:46 AM
GET https://kinu-devbox-bench-b20260914070552-snapshot-chain.ashishkmr472.workers.dev/state?box=ab-snapshot-chain-b20260914070552&strategy=snapshot-chain - Ok @ 9/14/2026, 2:09:46 AM
SnapshotChainBox.devboxState - Ok @ 9/14/2026, 2:09:46 AM
GET https://kinu-devbox-bench-b20260914070552-snapshot-chain.ashishkmr472.workers.dev/state?box=ab-snapshot-chain-b20260914070552&strategy=snapshot-chain - Ok @ 9/14/2026, 2:09:47 AM
SnapshotChainBox.devboxState - Ok @ 9/14/2026, 2:09:47 AM
GET https://kinu-devbox-bench-b20260914070552-snapshot-chain.ashishkmr472.workers.dev/state?box=ab-snapshot-chain-b20260914070552&strategy=snapshot-chain - Ok @ 9/14/2026, 2:09:47 AM
SnapshotChainBox.devboxState - Ok @ 9/14/2026, 2:09:47 AM
GET https://kinu-devbox-bench-b20260914070552-snapshot-chain.ashishkmr472.workers.dev/state?box=ab-snapshot-chain-b20260914070552&strategy=snapshot-chain - Ok @ 9/14/2026, 2:09:47 AM
SnapshotChainBox.devboxState - Ok @ 9/14/2026, 2:09:47 AM
GET https://kinu-devbox-bench-b20260914070552-snapshot-chain.ashishkmr472.workers.dev/state?box=ab-snapshot-chain-b20260914070552&strategy=snapshot-chain - Ok @ 9/14/2026, 2:09:48 AM
SnapshotChainBox.devboxState - Ok @ 9/14/2026, 2:09:48 AM
GET https://kinu-devbox-bench-b20260914070552-snapshot-chain.ashishkmr472.workers.dev/state?box=ab-snapshot-chain-b20260914070552&strategy=snapshot-chain - Ok @ 9/14/2026, 2:09:48 AM
SnapshotChainBox.devboxState - Ok @ 9/14/2026, 2:09:48 AM
GET https://kinu-devbox-bench-b20260914070552-snapshot-chain.ashishkmr472.workers.dev/state?box=ab-snapshot-chain-b20260914070552&strategy=snapshot-chain - Ok @ 9/14/2026, 2:09:48 AM
SnapshotChainBox.devboxState - Ok @ 9/14/2026, 2:09:48 AM
GET https://kinu-devbox-bench-b20260914070552-snapshot-chain.ashishkmr472.workers.dev/state?box=ab-snapshot-chain-b20260914070552&strategy=snapshot-chain - Ok @ 9/14/2026, 2:09:49 AM
SnapshotChainBox.devboxState - Ok @ 9/14/2026, 2:09:49 AM
GET https://kinu-devbox-bench-b20260914070552-snapshot-chain.ashishkmr472.workers.dev/state?box=ab-snapshot-chain-b20260914070552&strategy=snapshot-chain - Ok @ 9/14/2026, 2:09:49 AM
SnapshotChainBox.devboxState - Ok @ 9/14/2026, 2:09:49 AM
GET https://kinu-devbox-bench-b20260914070552-snapshot-chain.ashishkmr472.workers.dev/state?box=ab-snapshot-chain-b20260914070552&strategy=snapshot-chain - Ok @ 9/14/2026, 2:09:49 AM
SnapshotChainBox.devboxState - Ok @ 9/14/2026, 2:09:49 AM
GET https://kinu-devbox-bench-b20260914070552-snapshot-chain.ashishkmr472.workers.dev/state?box=ab-snapshot-chain-b20260914070552&strategy=snapshot-chain - Ok @ 9/14/2026, 2:09:50 AM
SnapshotChainBox.devboxState - Ok @ 9/14/2026, 2:09:50 AM
GET https://kinu-devbox-bench-b20260914070552-snapshot-chain.ashishkmr472.workers.dev/state?box=ab-snapshot-chain-b20260914070552&strategy=snapshot-chain - Ok @ 9/14/2026, 2:09:50 AM
SnapshotChainBox.devboxState - Ok @ 9/14/2026, 2:09:50 AM
GET https://kinu-devbox-bench-b20260914070552-snapshot-chain.ashishkmr472.workers.dev/state?box=ab-snapshot-chain-b20260914070552&strategy=snapshot-chain - Ok @ 9/14/2026, 2:09:50 AM
SnapshotChainBox.devboxState - Ok @ 9/14/2026, 2:09:50 AM
GET https://kinu-devbox-bench-b20260914070552-snapshot-chain.ashishkmr472.workers.dev/state?box=ab-snapshot-chain-b20260914070552&strategy=snapshot-chain - Ok @ 9/14/2026, 2:09:51 AM
SnapshotChainBox.devboxState - Ok @ 9/14/2026, 2:09:51 AM
GET https://kinu-devbox-bench-b20260914070552-snapshot-chain.ashishkmr472.workers.dev/state?box=ab-snapshot-chain-b20260914070552&strategy=snapshot-chain - Ok @ 9/14/2026, 2:09:51 AM
SnapshotChainBox.devboxState - Ok @ 9/14/2026, 2:09:51 AM
GET https://kinu-devbox-bench-b20260914070552-snapshot-chain.ashishkmr472.workers.dev/state?box=ab-snapshot-chain-b20260914070552&strategy=snapshot-chain - Ok @ 9/14/2026, 2:09:51 AM
SnapshotChainBox.devboxState - Ok @ 9/14/2026, 2:09:51 AM
GET https://kinu-devbox-bench-b20260914070552-snapshot-chain.ashishkmr472.workers.dev/state?box=ab-snapshot-chain-b20260914070552&strategy=snapshot-chain - Ok @ 9/14/2026, 2:09:51 AM
SnapshotChainBox.devboxState - Ok @ 9/14/2026, 2:09:51 AM
GET https://kinu-devbox-bench-b20260914070552-snapshot-chain.ashishkmr472.workers.dev/state?box=ab-snapshot-chain-b20260914070552&strategy=snapshot-chain - Ok @ 9/14/2026, 2:09:52 AM
SnapshotChainBox.devboxState - Ok @ 9/14/2026, 2:09:52 AM
GET https://kinu-devbox-bench-b20260914070552-snapshot-chain.ashishkmr472.workers.dev/state?box=ab-snapshot-chain-b20260914070552&strategy=snapshot-chain - Ok @ 9/14/2026, 2:09:52 AM
SnapshotChainBox.devboxState - Ok @ 9/14/2026, 2:09:52 AM
GET https://kinu-devbox-bench-b20260914070552-snapshot-chain.ashishkmr472.workers.dev/state?box=ab-snapshot-chain-b20260914070552&strategy=snapshot-chain - Ok @ 9/14/2026, 2:09:52 AM
SnapshotChainBox.devboxState - Ok @ 9/14/2026, 2:09:52 AM
GET https://kinu-devbox-bench-b20260914070552-snapshot-chain.ashishkmr472.workers.dev/state?box=ab-snapshot-chain-b20260914070552&strategy=snapshot-chain - Ok @ 9/14/2026, 2:09:53 AM
SnapshotChainBox.devboxState - Ok @ 9/14/2026, 2:09:53 AM
GET https://kinu-devbox-bench-b20260914070552-snapshot-chain.ashishkmr472.workers.dev/state?box=ab-snapshot-chain-b20260914070552&strategy=snapshot-chain - Ok @ 9/14/2026, 2:09:53 AM
SnapshotChainBox.devboxState - Ok @ 9/14/2026, 2:09:53 AM
GET https://kinu-devbox-bench-b20260914070552-snapshot-chain.ashishkmr472.workers.dev/state?box=ab-snapshot-chain-b20260914070552&strategy=snapshot-chain - Ok @ 9/14/2026, 2:09:53 AM
SnapshotChainBox.devboxState - Ok @ 9/14/2026, 2:09:53 AM
GET https://kinu-devbox-bench-b20260914070552-snapshot-chain.ashishkmr472.workers.dev/state?box=ab-snapshot-chain-b20260914070552&strategy=snapshot-chain - Ok @ 9/14/2026, 2:09:54 AM
SnapshotChainBox.devboxState - Ok @ 9/14/2026, 2:09:54 AM
GET https://kinu-devbox-bench-b20260914070552-snapshot-chain.ashishkmr472.workers.dev/state?box=ab-snapshot-chain-b20260914070552&strategy=snapshot-chain - Ok @ 9/14/2026, 2:09:54 AM
SnapshotChainBox.devboxState - Ok @ 9/14/2026, 2:09:54 AM
GET https://kinu-devbox-bench-b20260914070552-snapshot-chain.ashishkmr472.workers.dev/state?box=ab-snapshot-chain-b20260914070552&strategy=snapshot-chain - Ok @ 9/14/2026, 2:09:54 AM
SnapshotChainBox.devboxState - Ok @ 9/14/2026, 2:09:54 AM
GET https://kinu-devbox-bench-b20260914070552-snapshot-chain.ashishkmr472.workers.dev/state?box=ab-snapshot-chain-b20260914070552&strategy=snapshot-chain - Ok @ 9/14/2026, 2:09:55 AM
SnapshotChainBox.devboxState - Ok @ 9/14/2026, 2:09:55 AM
GET https://kinu-devbox-bench-b20260914070552-snapshot-chain.ashishkmr472.workers.dev/state?box=ab-snapshot-chain-b20260914070552&strategy=snapshot-chain - Ok @ 9/14/2026, 2:09:55 AM
SnapshotChainBox.devboxState - Ok @ 9/14/2026, 2:09:55 AM
GET https://kinu-devbox-bench-b20260914070552-snapshot-chain.ashishkmr472.workers.dev/state?box=ab-snapshot-chain-b20260914070552&strategy=snapshot-chain - Ok @ 9/14/2026, 2:09:55 AM
SnapshotChainBox.devboxState - Ok @ 9/14/2026, 2:09:55 AM
GET https://kinu-devbox-bench-b20260914070552-snapshot-chain.ashishkmr472.workers.dev/state?box=ab-snapshot-chain-b20260914070552&strategy=snapshot-chain - Ok @ 9/14/2026, 2:09:56 AM
SnapshotChainBox.devboxState - Ok @ 9/14/2026, 2:09:56 AM
GET https://kinu-devbox-bench-b20260914070552-snapshot-chain.ashishkmr472.workers.dev/state?box=ab-snapshot-chain-b20260914070552&strategy=snapshot-chain - Ok @ 9/14/2026, 2:09:56 AM
SnapshotChainBox.devboxState - Ok @ 9/14/2026, 2:09:56 AM
GET https://kinu-devbox-bench-b20260914070552-snapshot-chain.ashishkmr472.workers.dev/state?box=ab-snapshot-chain-b20260914070552&strategy=snapshot-chain - Ok @ 9/14/2026, 2:09:56 AM
SnapshotChainBox.devboxState - Ok @ 9/14/2026, 2:09:56 AM
GET https://kinu-devbox-bench-b20260914070552-snapshot-chain.ashishkmr472.workers.dev/state?box=ab-snapshot-chain-b20260914070552&strategy=snapshot-chain - Ok @ 9/14/2026, 2:09:57 AM
SnapshotChainBox.devboxState - Ok @ 9/14/2026, 2:09:57 AM
GET https://kinu-devbox-bench-b20260914070552-snapshot-chain.ashishkmr472.workers.dev/state?box=ab-snapshot-chain-b20260914070552&strategy=snapshot-chain - Ok @ 9/14/2026, 2:09:57 AM
SnapshotChainBox.devboxState - Ok @ 9/14/2026, 2:09:57 AM
GET https://kinu-devbox-bench-b20260914070552-snapshot-chain.ashishkmr472.workers.dev/state?box=ab-snapshot-chain-b20260914070552&strategy=snapshot-chain - Ok @ 9/14/2026, 2:09:57 AM
SnapshotChainBox.devboxState - Ok @ 9/14/2026, 2:09:57 AM
GET https://kinu-devbox-bench-b20260914070552-snapshot-chain.ashishkmr472.workers.dev/state?box=ab-snapshot-chain-b20260914070552&strategy=snapshot-chain - Ok @ 9/14/2026, 2:09:57 AM
SnapshotChainBox.devboxState - Ok @ 9/14/2026, 2:09:58 AM
GET https://kinu-devbox-bench-b20260914070552-snapshot-chain.ashishkmr472.workers.dev/state?box=ab-snapshot-chain-b20260914070552&strategy=snapshot-chain - Ok @ 9/14/2026, 2:09:58 AM
SnapshotChainBox.devboxState - Ok @ 9/14/2026, 2:09:58 AM
GET https://kinu-devbox-bench-b20260914070552-snapshot-chain.ashishkmr472.workers.dev/state?box=ab-snapshot-chain-b20260914070552&strategy=snapshot-chain - Ok @ 9/14/2026, 2:09:58 AM
SnapshotChainBox.devboxState - Ok @ 9/14/2026, 2:09:58 AM
GET https://kinu-devbox-bench-b20260914070552-snapshot-chain.ashishkmr472.workers.dev/state?box=ab-snapshot-chain-b20260914070552&strategy=snapshot-chain - Ok @ 9/14/2026, 2:09:58 AM
SnapshotChainBox.devboxState - Ok @ 9/14/2026, 2:09:58 AM
GET https://kinu-devbox-bench-b20260914070552-snapshot-chain.ashishkmr472.workers.dev/state?box=ab-snapshot-chain-b20260914070552&strategy=snapshot-chain - Ok @ 9/14/2026, 2:09:59 AM
SnapshotChainBox.devboxState - Ok @ 9/14/2026, 2:09:59 AM
GET https://kinu-devbox-bench-b20260914070552-snapshot-chain.ashishkmr472.workers.dev/state?box=ab-snapshot-chain-b20260914070552&strategy=snapshot-chain - Ok @ 9/14/2026, 2:09:59 AM
SnapshotChainBox.devboxState - Ok @ 9/14/2026, 2:09:59 AM
GET https://kinu-devbox-bench-b20260914070552-snapshot-chain.ashishkmr472.workers.dev/state?box=ab-snapshot-chain-b20260914070552&strategy=snapshot-chain - Ok @ 9/14/2026, 2:09:59 AM
SnapshotChainBox.devboxState - Ok @ 9/14/2026, 2:09:59 AM
GET https://kinu-devbox-bench-b20260914070552-snapshot-chain.ashishkmr472.workers.dev/state?box=ab-snapshot-chain-b20260914070552&strategy=snapshot-chain - Ok @ 9/14/2026, 2:10:00 AM
SnapshotChainBox.devboxState - Ok @ 9/14/2026, 2:10:00 AM
GET https://kinu-devbox-bench-b20260914070552-snapshot-chain.ashishkmr472.workers.dev/state?box=ab-snapshot-chain-b20260914070552&strategy=snapshot-chain - Ok @ 9/14/2026, 2:10:00 AM
SnapshotChainBox.devboxState - Ok @ 9/14/2026, 2:10:00 AM
GET https://kinu-devbox-bench-b20260914070552-snapshot-chain.ashishkmr472.workers.dev/state?box=ab-snapshot-chain-b20260914070552&strategy=snapshot-chain - Ok @ 9/14/2026, 2:10:00 AM
SnapshotChainBox.devboxState - Ok @ 9/14/2026, 2:10:00 AM
GET https://kinu-devbox-bench-b20260914070552-snapshot-chain.ashishkmr472.workers.dev/state?box=ab-snapshot-chain-b20260914070552&strategy=snapshot-chain - Ok @ 9/14/2026, 2:10:01 AM
SnapshotChainBox.devboxState - Ok @ 9/14/2026, 2:10:01 AM
GET https://kinu-devbox-bench-b20260914070552-snapshot-chain.ashishkmr472.workers.dev/state?box=ab-snapshot-chain-b20260914070552&strategy=snapshot-chain - Ok @ 9/14/2026, 2:10:01 AM
SnapshotChainBox.devboxState - Ok @ 9/14/2026, 2:10:01 AM
GET https://kinu-devbox-bench-b20260914070552-snapshot-chain.ashishkmr472.workers.dev/state?box=ab-snapshot-chain-b20260914070552&strategy=snapshot-chain - Ok @ 9/14/2026, 2:10:01 AM
SnapshotChainBox.devboxState - Ok @ 9/14/2026, 2:10:01 AM
GET https://kinu-devbox-bench-b20260914070552-snapshot-chain.ashishkmr472.workers.dev/state?box=ab-snapshot-chain-b20260914070552&strategy=snapshot-chain - Ok @ 9/14/2026, 2:10:02 AM
SnapshotChainBox.devboxState - Ok @ 9/14/2026, 2:10:02 AM
GET https://kinu-devbox-bench-b20260914070552-snapshot-chain.ashishkmr472.workers.dev/state?box=ab-snapshot-chain-b20260914070552&strategy=snapshot-chain - Ok @ 9/14/2026, 2:10:02 AM
SnapshotChainBox.devboxState - Ok @ 9/14/2026, 2:10:02 AM
GET https://kinu-devbox-bench-b20260914070552-snapshot-chain.ashishkmr472.workers.dev/state?box=ab-snapshot-chain-b20260914070552&strategy=snapshot-chain - Ok @ 9/14/2026, 2:10:02 AM
SnapshotChainBox.devboxState - Ok @ 9/14/2026, 2:10:02 AM
GET https://kinu-devbox-bench-b20260914070552-snapshot-chain.ashishkmr472.workers.dev/state?box=ab-snapshot-chain-b20260914070552&strategy=snapshot-chain - Ok @ 9/14/2026, 2:10:03 AM
SnapshotChainBox.devboxState - Ok @ 9/14/2026, 2:10:03 AM
GET https://kinu-devbox-bench-b20260914070552-snapshot-chain.ashishkmr472.workers.dev/state?box=ab-snapshot-chain-b20260914070552&strategy=snapshot-chain - Ok @ 9/14/2026, 2:10:03 AM
SnapshotChainBox.devboxState - Ok @ 9/14/2026, 2:10:03 AM
GET https://kinu-devbox-bench-b20260914070552-snapshot-chain.ashishkmr472.workers.dev/state?box=ab-snapshot-chain-b20260914070552&strategy=snapshot-chain - Ok @ 9/14/2026, 2:10:03 AM
SnapshotChainBox.devboxState - Ok @ 9/14/2026, 2:10:03 AM
GET https://kinu-devbox-bench-b20260914070552-snapshot-chain.ashishkmr472.workers.dev/state?box=ab-snapshot-chain-b20260914070552&strategy=snapshot-chain - Ok @ 9/14/2026, 2:10:03 AM
SnapshotChainBox.devboxState - Ok @ 9/14/2026, 2:10:03 AM
GET https://kinu-devbox-bench-b20260914070552-snapshot-chain.ashishkmr472.workers.dev/state?box=ab-snapshot-chain-b20260914070552&strategy=snapshot-chain - Ok @ 9/14/2026, 2:10:04 AM
SnapshotChainBox.devboxState - Ok @ 9/14/2026, 2:10:04 AM
GET https://kinu-devbox-bench-b20260914070552-snapshot-chain.ashishkmr472.workers.dev/state?box=ab-snapshot-chain-b20260914070552&strategy=snapshot-chain - Ok @ 9/14/2026, 2:10:04 AM
SnapshotChainBox.devboxState - Ok @ 9/14/2026, 2:10:04 AM
GET https://kinu-devbox-bench-b20260914070552-snapshot-chain.ashishkmr472.workers.dev/state?box=ab-snapshot-chain-b20260914070552&strategy=snapshot-chain - Ok @ 9/14/2026, 2:10:04 AM
SnapshotChainBox.devboxState - Ok @ 9/14/2026, 2:10:04 AM
GET https://kinu-devbox-bench-b20260914070552-snapshot-chain.ashishkmr472.workers.dev/state?box=ab-snapshot-chain-b20260914070552&strategy=snapshot-chain - Ok @ 9/14/2026, 2:10:05 AM
SnapshotChainBox.devboxState - Ok @ 9/14/2026, 2:10:05 AM
GET https://kinu-devbox-bench-b20260914070552-snapshot-chain.ashishkmr472.workers.dev/state?box=ab-snapshot-chain-b20260914070552&strategy=snapshot-chain - Ok @ 9/14/2026, 2:10:05 AM
SnapshotChainBox.devboxState - Ok @ 9/14/2026, 2:10:05 AM
GET https://kinu-devbox-bench-b20260914070552-snapshot-chain.ashishkmr472.workers.dev/state?box=ab-snapshot-chain-b20260914070552&strategy=snapshot-chain - Ok @ 9/14/2026, 2:10:05 AM
SnapshotChainBox.devboxState - Ok @ 9/14/2026, 2:10:05 AM
GET https://kinu-devbox-bench-b20260914070552-snapshot-chain.ashishkmr472.workers.dev/state?box=ab-snapshot-chain-b20260914070552&strategy=snapshot-chain - Ok @ 9/14/2026, 2:10:06 AM
SnapshotChainBox.devboxState - Ok @ 9/14/2026, 2:10:06 AM
GET https://kinu-devbox-bench-b20260914070552-snapshot-chain.ashishkmr472.workers.dev/incidents?box=ab-snapshot-chain-b20260914070552&strategy=snapshot-chain - Ok @ 9/14/2026, 2:10:06 AM
SnapshotChainBox.devboxIncidentReasons - Ok @ 9/14/2026, 2:10:06 AM
GET https://kinu-devbox-bench-b20260914070552-snapshot-chain.ashishkmr472.workers.dev/state?box=ab-snapshot-chain-b20260914070552&strategy=snapshot-chain - Ok @ 9/14/2026, 2:10:06 AM
SnapshotChainBox.devboxState - Ok @ 9/14/2026, 2:10:06 AM
SnapshotChainBox.destroyContainerForBench - Ok @ 9/14/2026, 2:10:06 AM
  (log) {
  level: 'info',
  message: 'sandbox.destroy success 0 mounts (129ms)',
  component: 'sandbox-do',
  sandboxId: '067c024ccbae4993d0793c436f1bb0aec6ca2e7aeacce959c56c9ac6920201ff',
  traceId: 'tr_55dcae37328a4d0b',
  event: 'sandbox.destroy',
  outcome: 'success',
  durationMs: 129,
  mountsProcessed: 0,
  mountFailures: 0,
  timestamp: '2026-09-14T07:10:06.723Z'
}
POST https://kinu-devbox-bench-b20260914070552-snapshot-chain.ashishkmr472.workers.dev/destroy?box=ab-snapshot-chain-b20260914070552 - Ok @ 9/14/2026, 2:10:06 AM
SnapshotChainBox.kickStartup - Ok @ 9/14/2026, 2:10:06 AM
POST https://kinu-devbox-bench-b20260914070552-snapshot-chain.ashishkmr472.workers.dev/create?box=ab-snapshot-chain-b20260914070552 - Ok @ 9/14/2026, 2:10:06 AM
SnapshotChainBox.devboxState - Ok @ 9/14/2026, 2:10:06 AM
GET https://kinu-devbox-bench-b20260914070552-snapshot-chain.ashishkmr472.workers.dev/state?box=ab-snapshot-chain-b20260914070552&strategy=snapshot-chain - Ok @ 9/14/2026, 2:10:06 AM
GET https://kinu-devbox-bench-b20260914070552-snapshot-chain.ashishkmr472.workers.dev/state?box=ab-snapshot-chain-b20260914070552&strategy=snapshot-chain - Ok @ 9/14/2026, 2:10:07 AM
SnapshotChainBox.devboxState - Ok @ 9/14/2026, 2:10:07 AM
GET https://kinu-devbox-bench-b20260914070552-snapshot-chain.ashishkmr472.workers.dev/state?box=ab-snapshot-chain-b20260914070552&strategy=snapshot-chain - Ok @ 9/14/2026, 2:10:07 AM
SnapshotChainBox.devboxState - Ok @ 9/14/2026, 2:10:07 AM
GET https://kinu-devbox-bench-b20260914070552-snapshot-chain.ashishkmr472.workers.dev/state?box=ab-snapshot-chain-b20260914070552&strategy=snapshot-chain - Ok @ 9/14/2026, 2:10:07 AM
SnapshotChainBox.devboxState - Ok @ 9/14/2026, 2:10:07 AM
GET https://kinu-devbox-bench-b20260914070552-snapshot-chain.ashishkmr472.workers.dev/state?box=ab-snapshot-chain-b20260914070552&strategy=snapshot-chain - Ok @ 9/14/2026, 2:10:08 AM
SnapshotChainBox.devboxState - Ok @ 9/14/2026, 2:10:08 AM
GET https://kinu-devbox-bench-b20260914070552-snapshot-chain.ashishkmr472.workers.dev/state?box=ab-snapshot-chain-b20260914070552&strategy=snapshot-chain - Ok @ 9/14/2026, 2:10:08 AM
SnapshotChainBox.devboxState - Ok @ 9/14/2026, 2:10:08 AM
GET https://kinu-devbox-bench-b20260914070552-snapshot-chain.ashishkmr472.workers.dev/state?box=ab-snapshot-chain-b20260914070552&strategy=snapshot-chain - Ok @ 9/14/2026, 2:10:08 AM
SnapshotChainBox.devboxState - Ok @ 9/14/2026, 2:10:08 AM
GET https://kinu-devbox-bench-b20260914070552-snapshot-chain.ashishkmr472.workers.dev/state?box=ab-snapshot-chain-b20260914070552&strategy=snapshot-chain - Ok @ 9/14/2026, 2:10:08 AM
SnapshotChainBox.devboxState - Ok @ 9/14/2026, 2:10:08 AM
GET https://kinu-devbox-bench-b20260914070552-snapshot-chain.ashishkmr472.workers.dev/state?box=ab-snapshot-chain-b20260914070552&strategy=snapshot-chain - Ok @ 9/14/2026, 2:10:09 AM
SnapshotChainBox.devboxState - Ok @ 9/14/2026, 2:10:09 AM
SnapshotChainBox.devboxState - Ok @ 9/14/2026, 2:10:09 AM
GET https://kinu-devbox-bench-b20260914070552-snapshot-chain.ashishkmr472.workers.dev/state?box=ab-snapshot-chain-b20260914070552&strategy=snapshot-chain - Ok @ 9/14/2026, 2:10:09 AM
Alarm @ 9/14/2026, 2:10:09 AM - Canceled
GET https://kinu-devbox-bench-b20260914070552-snapshot-chain.ashishkmr472.workers.dev/state?box=ab-snapshot-chain-b20260914070552&strategy=snapshot-chain - Ok @ 9/14/2026, 2:10:09 AM
SnapshotChainBox.devboxState - Ok @ 9/14/2026, 2:10:09 AM
GET https://kinu-devbox-bench-b20260914070552-snapshot-chain.ashishkmr472.workers.dev/state?box=ab-snapshot-chain-b20260914070552&strategy=snapshot-chain - Ok @ 9/14/2026, 2:10:10 AM
SnapshotChainBox.devboxState - Ok @ 9/14/2026, 2:10:10 AM
GET https://kinu-devbox-bench-b20260914070552-snapshot-chain.ashishkmr472.workers.dev/state?box=ab-snapshot-chain-b20260914070552&strategy=snapshot-chain - Ok @ 9/14/2026, 2:10:10 AM
SnapshotChainBox.devboxState - Ok @ 9/14/2026, 2:10:10 AM
GET https://kinu-devbox-bench-b20260914070552-snapshot-chain.ashishkmr472.workers.dev/state?box=ab-snapshot-chain-b20260914070552&strategy=snapshot-chain - Ok @ 9/14/2026, 2:10:10 AM
SnapshotChainBox.devboxState - Ok @ 9/14/2026, 2:10:10 AM
GET https://kinu-devbox-bench-b20260914070552-snapshot-chain.ashishkmr472.workers.dev/state?box=ab-snapshot-chain-b20260914070552&strategy=snapshot-chain - Ok @ 9/14/2026, 2:10:11 AM
SnapshotChainBox.devboxState - Ok @ 9/14/2026, 2:10:11 AM
GET https://kinu-devbox-bench-b20260914070552-snapshot-chain.ashishkmr472.workers.dev/state?box=ab-snapshot-chain-b20260914070552&strategy=snapshot-chain - Ok @ 9/14/2026, 2:10:11 AM
SnapshotChainBox.devboxState - Ok @ 9/14/2026, 2:10:11 AM
GET https://kinu-devbox-bench-b20260914070552-snapshot-chain.ashishkmr472.workers.dev/state?box=ab-snapshot-chain-b20260914070552&strategy=snapshot-chain - Ok @ 9/14/2026, 2:10:11 AM
SnapshotChainBox.devboxState - Ok @ 9/14/2026, 2:10:11 AM
GET https://kinu-devbox-bench-b20260914070552-snapshot-chain.ashishkmr472.workers.dev/state?box=ab-snapshot-chain-b20260914070552&strategy=snapshot-chain - Ok @ 9/14/2026, 2:10:12 AM
SnapshotChainBox.devboxState - Ok @ 9/14/2026, 2:10:12 AM
GET https://kinu-devbox-bench-b20260914070552-snapshot-chain.ashishkmr472.workers.dev/state?box=ab-snapshot-chain-b20260914070552&strategy=snapshot-chain - Ok @ 9/14/2026, 2:10:12 AM
SnapshotChainBox.devboxState - Ok @ 9/14/2026, 2:10:12 AM
GET https://kinu-devbox-bench-b20260914070552-snapshot-chain.ashishkmr472.workers.dev/state?box=ab-snapshot-chain-b20260914070552&strategy=snapshot-chain - Ok @ 9/14/2026, 2:10:12 AM
SnapshotChainBox.devboxState - Ok @ 9/14/2026, 2:10:12 AM
GET https://kinu-devbox-bench-b20260914070552-snapshot-chain.ashishkmr472.workers.dev/state?box=ab-snapshot-chain-b20260914070552&strategy=snapshot-chain - Ok @ 9/14/2026, 2:10:12 AM
SnapshotChainBox.exec - Ok @ 9/14/2026, 2:10:06 AM
  (log) {"event":"devbox.readiness.enter","at":1789369806977,"generation":2,"running":false,"phase":"unstarted"}
  (log) {"event":"devbox.startup.flight.open","at":1789369806977,"generation":2,"running":false,"phase":"unstarted"}
  (log) {"event":"devbox.startup.admit.enter","at":1789369806977,"generation":2,"running":false}
POST https://kinu-devbox-bench-b20260914070552-snapshot-chain.ashishkmr472.workers.dev/exec?box=ab-snapshot-chain-b20260914070552 - Ok @ 9/14/2026, 2:10:06 AM
SnapshotChainBox.devboxState - Ok @ 9/14/2026, 2:10:12 AM
  (log) {"event":"devbox.startup.admit.exit","at":1789369812977,"generation":2,"ms":6000,"admitted":false,"owned":true,"running":true,"reason":"Container request aborted.: The container is not listening in the TCP address 10.0.0.1:3000"}
  (log) {"event":"devbox.startup.flight.exit","at":1789369813042,"generation":2,"ms":6065,"settled":true,"phase":"unstarted"}
GET https://kinu-devbox-bench-b20260914070552-snapshot-chain.ashishkmr472.workers.dev/state?box=ab-snapshot-chain-b20260914070552&strategy=snapshot-chain - Ok @ 9/14/2026, 2:10:13 AM
SnapshotChainBox.devboxState - Ok @ 9/14/2026, 2:10:13 AM
GET https://kinu-devbox-bench-b20260914070552-snapshot-chain.ashishkmr472.workers.dev/state?box=ab-snapshot-chain-b20260914070552&strategy=snapshot-chain - Ok @ 9/14/2026, 2:10:13 AM
SnapshotChainBox.devboxState - Ok @ 9/14/2026, 2:10:13 AM
GET https://kinu-devbox-bench-b20260914070552-snapshot-chain.ashishkmr472.workers.dev/state?box=ab-snapshot-chain-b20260914070552&strategy=snapshot-chain - Ok @ 9/14/2026, 2:10:13 AM
SnapshotChainBox.devboxState - Ok @ 9/14/2026, 2:10:13 AM
GET https://kinu-devbox-bench-b20260914070552-snapshot-chain.ashishkmr472.workers.dev/state?box=ab-snapshot-chain-b20260914070552&strategy=snapshot-chain - Ok @ 9/14/2026, 2:10:14 AM
SnapshotChainBox.devboxState - Ok @ 9/14/2026, 2:10:14 AM
GET https://kinu-devbox-bench-b20260914070552-snapshot-chain.ashishkmr472.workers.dev/state?box=ab-snapshot-chain-b20260914070552&strategy=snapshot-chain - Ok @ 9/14/2026, 2:10:14 AM
SnapshotChainBox.devboxState - Ok @ 9/14/2026, 2:10:14 AM
GET https://kinu-devbox-bench-b20260914070552-snapshot-chain.ashishkmr472.workers.dev/state?box=ab-snapshot-chain-b20260914070552&strategy=snapshot-chain - Ok @ 9/14/2026, 2:10:14 AM
SnapshotChainBox.devboxState - Ok @ 9/14/2026, 2:10:14 AM
GET https://kinu-devbox-bench-b20260914070552-snapshot-chain.ashishkmr472.workers.dev/state?box=ab-snapshot-chain-b20260914070552&strategy=snapshot-chain - Ok @ 9/14/2026, 2:10:15 AM
SnapshotChainBox.devboxState - Ok @ 9/14/2026, 2:10:15 AM
GET https://kinu-devbox-bench-b20260914070552-snapshot-chain.ashishkmr472.workers.dev/state?box=ab-snapshot-chain-b20260914070552&strategy=snapshot-chain - Ok @ 9/14/2026, 2:10:15 AM
SnapshotChainBox.devboxState - Ok @ 9/14/2026, 2:10:15 AM
GET https://kinu-devbox-bench-b20260914070552-snapshot-chain.ashishkmr472.workers.dev/state?box=ab-snapshot-chain-b20260914070552&strategy=snapshot-chain - Ok @ 9/14/2026, 2:10:15 AM
SnapshotChainBox.devboxState - Ok @ 9/14/2026, 2:10:15 AM
GET https://kinu-devbox-bench-b20260914070552-snapshot-chain.ashishkmr472.workers.dev/state?box=ab-snapshot-chain-b20260914070552&strategy=snapshot-chain - Ok @ 9/14/2026, 2:10:16 AM
SnapshotChainBox.devboxState - Ok @ 9/14/2026, 2:10:16 AM
GET https://kinu-devbox-bench-b20260914070552-snapshot-chain.ashishkmr472.workers.dev/state?box=ab-snapshot-chain-b20260914070552&strategy=snapshot-chain - Ok @ 9/14/2026, 2:10:16 AM
SnapshotChainBox.devboxState - Ok @ 9/14/2026, 2:10:16 AM
GET https://kinu-devbox-bench-b20260914070552-snapshot-chain.ashishkmr472.workers.dev/state?box=ab-snapshot-chain-b20260914070552&strategy=snapshot-chain - Ok @ 9/14/2026, 2:10:16 AM
SnapshotChainBox.devboxState - Ok @ 9/14/2026, 2:10:16 AM
GET https://kinu-devbox-bench-b20260914070552-snapshot-chain.ashishkmr472.workers.dev/state?box=ab-snapshot-chain-b20260914070552&strategy=snapshot-chain - Ok @ 9/14/2026, 2:10:17 AM
SnapshotChainBox.devboxState - Ok @ 9/14/2026, 2:10:17 AM
GET https://kinu-devbox-bench-b20260914070552-snapshot-chain.ashishkmr472.workers.dev/state?box=ab-snapshot-chain-b20260914070552&strategy=snapshot-chain - Ok @ 9/14/2026, 2:10:17 AM
SnapshotChainBox.devboxState - Ok @ 9/14/2026, 2:10:17 AM
GET https://kinu-devbox-bench-b20260914070552-snapshot-chain.ashishkmr472.workers.dev/state?box=ab-snapshot-chain-b20260914070552&strategy=snapshot-chain - Ok @ 9/14/2026, 2:10:17 AM
SnapshotChainBox.devboxState - Ok @ 9/14/2026, 2:10:17 AM
GET https://kinu-devbox-bench-b20260914070552-snapshot-chain.ashishkmr472.workers.dev/state?box=ab-snapshot-chain-b20260914070552&strategy=snapshot-chain - Ok @ 9/14/2026, 2:10:18 AM
SnapshotChainBox.devboxState - Ok @ 9/14/2026, 2:10:18 AM
GET https://kinu-devbox-bench-b20260914070552-snapshot-chain.ashishkmr472.workers.dev/state?box=ab-snapshot-chain-b20260914070552&strategy=snapshot-chain - Ok @ 9/14/2026, 2:10:18 AM
SnapshotChainBox.devboxState - Ok @ 9/14/2026, 2:10:18 AM
GET https://kinu-devbox-bench-b20260914070552-snapshot-chain.ashishkmr472.workers.dev/state?box=ab-snapshot-chain-b20260914070552&strategy=snapshot-chain - Ok @ 9/14/2026, 2:10:18 AM
SnapshotChainBox.devboxState - Ok @ 9/14/2026, 2:10:18 AM
GET https://kinu-devbox-bench-b20260914070552-snapshot-chain.ashishkmr472.workers.dev/state?box=ab-snapshot-chain-b20260914070552&strategy=snapshot-chain - Ok @ 9/14/2026, 2:10:19 AM
SnapshotChainBox.devboxState - Ok @ 9/14/2026, 2:10:19 AM
GET https://kinu-devbox-bench-b20260914070552-snapshot-chain.ashishkmr472.workers.dev/state?box=ab-snapshot-chain-b20260914070552&strategy=snapshot-chain - Ok @ 9/14/2026, 2:10:19 AM
SnapshotChainBox.devboxState - Ok @ 9/14/2026, 2:10:19 AM
GET https://kinu-devbox-bench-b20260914070552-snapshot-chain.ashishkmr472.workers.dev/state?box=ab-snapshot-chain-b20260914070552&strategy=snapshot-chain - Ok @ 9/14/2026, 2:10:19 AM
SnapshotChainBox.devboxState - Ok @ 9/14/2026, 2:10:19 AM
GET https://kinu-devbox-bench-b20260914070552-snapshot-chain.ashishkmr472.workers.dev/state?box=ab-snapshot-chain-b20260914070552&strategy=snapshot-chain - Ok @ 9/14/2026, 2:10:20 AM
SnapshotChainBox.devboxState - Ok @ 9/14/2026, 2:10:20 AM
GET https://kinu-devbox-bench-b20260914070552-snapshot-chain.ashishkmr472.workers.dev/state?box=ab-snapshot-chain-b20260914070552&strategy=snapshot-chain - Ok @ 9/14/2026, 2:10:20 AM
SnapshotChainBox.devboxState - Ok @ 9/14/2026, 2:10:20 AM
GET https://kinu-devbox-bench-b20260914070552-snapshot-chain.ashishkmr472.workers.dev/state?box=ab-snapshot-chain-b20260914070552&strategy=snapshot-chain - Ok @ 9/14/2026, 2:10:20 AM
SnapshotChainBox.devboxState - Ok @ 9/14/2026, 2:10:20 AM
GET https://kinu-devbox-bench-b20260914070552-snapshot-chain.ashishkmr472.workers.dev/state?box=ab-snapshot-chain-b20260914070552&strategy=snapshot-chain - Ok @ 9/14/2026, 2:10:20 AM
SnapshotChainBox.devboxState - Ok @ 9/14/2026, 2:10:20 AM
GET https://kinu-devbox-bench-b20260914070552-snapshot-chain.ashishkmr472.workers.dev/state?box=ab-snapshot-chain-b20260914070552&strategy=snapshot-chain - Ok @ 9/14/2026, 2:10:21 AM
SnapshotChainBox.devboxState - Ok @ 9/14/2026, 2:10:21 AM
GET https://kinu-devbox-bench-b20260914070552-snapshot-chain.ashishkmr472.workers.dev/state?box=ab-snapshot-chain-b20260914070552&strategy=snapshot-chain - Ok @ 9/14/2026, 2:10:21 AM
SnapshotChainBox.devboxState - Ok @ 9/14/2026, 2:10:21 AM
GET https://kinu-devbox-bench-b20260914070552-snapshot-chain.ashishkmr472.workers.dev/state?box=ab-snapshot-chain-b20260914070552&strategy=snapshot-chain - Ok @ 9/14/2026, 2:10:21 AM
SnapshotChainBox.devboxState - Ok @ 9/14/2026, 2:10:21 AM
GET https://kinu-devbox-bench-b20260914070552-snapshot-chain.ashishkmr472.workers.dev/state?box=ab-snapshot-chain-b20260914070552&strategy=snapshot-chain - Ok @ 9/14/2026, 2:10:22 AM
SnapshotChainBox.devboxState - Ok @ 9/14/2026, 2:10:22 AM
GET https://kinu-devbox-bench-b20260914070552-snapshot-chain.ashishkmr472.workers.dev/state?box=ab-snapshot-chain-b20260914070552&strategy=snapshot-chain - Ok @ 9/14/2026, 2:10:22 AM
SnapshotChainBox.devboxState - Ok @ 9/14/2026, 2:10:22 AM
GET https://kinu-devbox-bench-b20260914070552-snapshot-chain.ashishkmr472.workers.dev/state?box=ab-snapshot-chain-b20260914070552&strategy=snapshot-chain - Ok @ 9/14/2026, 2:10:22 AM
SnapshotChainBox.devboxState - Ok @ 9/14/2026, 2:10:22 AM
GET https://kinu-devbox-bench-b20260914070552-snapshot-chain.ashishkmr472.workers.dev/state?box=ab-snapshot-chain-b20260914070552&strategy=snapshot-chain - Ok @ 9/14/2026, 2:10:23 AM
SnapshotChainBox.devboxState - Ok @ 9/14/2026, 2:10:23 AM
GET https://kinu-devbox-bench-b20260914070552-snapshot-chain.ashishkmr472.workers.dev/state?box=ab-snapshot-chain-b20260914070552&strategy=snapshot-chain - Ok @ 9/14/2026, 2:10:23 AM
SnapshotChainBox.devboxState - Ok @ 9/14/2026, 2:10:23 AM
GET https://kinu-devbox-bench-b20260914070552-snapshot-chain.ashishkmr472.workers.dev/state?box=ab-snapshot-chain-b20260914070552&strategy=snapshot-chain - Ok @ 9/14/2026, 2:10:23 AM
SnapshotChainBox.devboxState - Ok @ 9/14/2026, 2:10:23 AM
GET https://kinu-devbox-bench-b20260914070552-snapshot-chain.ashishkmr472.workers.dev/state?box=ab-snapshot-chain-b20260914070552&strategy=snapshot-chain - Ok @ 9/14/2026, 2:10:24 AM
SnapshotChainBox.devboxState - Ok @ 9/14/2026, 2:10:24 AM
GET https://kinu-devbox-bench-b20260914070552-snapshot-chain.ashishkmr472.workers.dev/state?box=ab-snapshot-chain-b20260914070552&strategy=snapshot-chain - Ok @ 9/14/2026, 2:10:24 AM
SnapshotChainBox.devboxState - Ok @ 9/14/2026, 2:10:24 AM
GET https://kinu-devbox-bench-b20260914070552-snapshot-chain.ashishkmr472.workers.dev/state?box=ab-snapshot-chain-b20260914070552&strategy=snapshot-chain - Ok @ 9/14/2026, 2:10:24 AM
SnapshotChainBox.devboxState - Ok @ 9/14/2026, 2:10:24 AM
GET https://kinu-devbox-bench-b20260914070552-snapshot-chain.ashishkmr472.workers.dev/state?box=ab-snapshot-chain-b20260914070552&strategy=snapshot-chain - Ok @ 9/14/2026, 2:10:25 AM
SnapshotChainBox.devboxState - Ok @ 9/14/2026, 2:10:25 AM
GET https://kinu-devbox-bench-b20260914070552-snapshot-chain.ashishkmr472.workers.dev/state?box=ab-snapshot-chain-b20260914070552&strategy=snapshot-chain - Ok @ 9/14/2026, 2:10:25 AM
SnapshotChainBox.devboxState - Ok @ 9/14/2026, 2:10:25 AM
GET https://kinu-devbox-bench-b20260914070552-snapshot-chain.ashishkmr472.workers.dev/state?box=ab-snapshot-chain-b20260914070552&strategy=snapshot-chain - Ok @ 9/14/2026, 2:10:25 AM
SnapshotChainBox.devboxState - Ok @ 9/14/2026, 2:10:25 AM
GET https://kinu-devbox-bench-b20260914070552-snapshot-chain.ashishkmr472.workers.dev/state?box=ab-snapshot-chain-b20260914070552&strategy=snapshot-chain - Ok @ 9/14/2026, 2:10:26 AM
SnapshotChainBox.devboxState - Ok @ 9/14/2026, 2:10:26 AM
GET https://kinu-devbox-bench-b20260914070552-snapshot-chain.ashishkmr472.workers.dev/state?box=ab-snapshot-chain-b20260914070552&strategy=snapshot-chain - Ok @ 9/14/2026, 2:10:26 AM
SnapshotChainBox.devboxState - Ok @ 9/14/2026, 2:10:26 AM
GET https://kinu-devbox-bench-b20260914070552-snapshot-chain.ashishkmr472.workers.dev/state?box=ab-snapshot-chain-b20260914070552&strategy=snapshot-chain - Ok @ 9/14/2026, 2:10:26 AM
SnapshotChainBox.devboxState - Ok @ 9/14/2026, 2:10:26 AM
GET https://kinu-devbox-bench-b20260914070552-snapshot-chain.ashishkmr472.workers.dev/state?box=ab-snapshot-chain-b20260914070552&strategy=snapshot-chain - Ok @ 9/14/2026, 2:10:26 AM
SnapshotChainBox.devboxState - Ok @ 9/14/2026, 2:10:26 AM
GET https://kinu-devbox-bench-b20260914070552-snapshot-chain.ashishkmr472.workers.dev/state?box=ab-snapshot-chain-b20260914070552&strategy=snapshot-chain - Ok @ 9/14/2026, 2:10:27 AM
SnapshotChainBox.devboxState - Ok @ 9/14/2026, 2:10:27 AM
GET https://kinu-devbox-bench-b20260914070552-snapshot-chain.ashishkmr472.workers.dev/state?box=ab-snapshot-chain-b20260914070552&strategy=snapshot-chain - Ok @ 9/14/2026, 2:10:27 AM
SnapshotChainBox.devboxState - Ok @ 9/14/2026, 2:10:27 AM
GET https://kinu-devbox-bench-b20260914070552-snapshot-chain.ashishkmr472.workers.dev/state?box=ab-snapshot-chain-b20260914070552&strategy=snapshot-chain - Ok @ 9/14/2026, 2:10:27 AM
SnapshotChainBox.devboxState - Ok @ 9/14/2026, 2:10:27 AM
GET https://kinu-devbox-bench-b20260914070552-snapshot-chain.ashishkmr472.workers.dev/state?box=ab-snapshot-chain-b20260914070552&strategy=snapshot-chain - Ok @ 9/14/2026, 2:10:28 AM
SnapshotChainBox.devboxState - Ok @ 9/14/2026, 2:10:28 AM
GET https://kinu-devbox-bench-b20260914070552-snapshot-chain.ashishkmr472.workers.dev/state?box=ab-snapshot-chain-b20260914070552&strategy=snapshot-chain - Ok @ 9/14/2026, 2:10:28 AM
SnapshotChainBox.devboxState - Ok @ 9/14/2026, 2:10:28 AM
GET https://kinu-devbox-bench-b20260914070552-snapshot-chain.ashishkmr472.workers.dev/state?box=ab-snapshot-chain-b20260914070552&strategy=snapshot-chain - Ok @ 9/14/2026, 2:10:28 AM
SnapshotChainBox.devboxState - Ok @ 9/14/2026, 2:10:28 AM
GET https://kinu-devbox-bench-b20260914070552-snapshot-chain.ashishkmr472.workers.dev/state?box=ab-snapshot-chain-b20260914070552&strategy=snapshot-chain - Ok @ 9/14/2026, 2:10:29 AM
SnapshotChainBox.devboxState - Ok @ 9/14/2026, 2:10:29 AM
GET https://kinu-devbox-bench-b20260914070552-snapshot-chain.ashishkmr472.workers.dev/state?box=ab-snapshot-chain-b20260914070552&strategy=snapshot-chain - Ok @ 9/14/2026, 2:10:29 AM
SnapshotChainBox.devboxState - Ok @ 9/14/2026, 2:10:29 AM
GET https://kinu-devbox-bench-b20260914070552-snapshot-chain.ashishkmr472.workers.dev/state?box=ab-snapshot-chain-b20260914070552&strategy=snapshot-chain - Ok @ 9/14/2026, 2:10:29 AM
SnapshotChainBox.devboxState - Ok @ 9/14/2026, 2:10:29 AM
GET https://kinu-devbox-bench-b20260914070552-snapshot-chain.ashishkmr472.workers.dev/state?box=ab-snapshot-chain-b20260914070552&strategy=snapshot-chain - Ok @ 9/14/2026, 2:10:30 AM
SnapshotChainBox.devboxState - Ok @ 9/14/2026, 2:10:30 AM
GET https://kinu-devbox-bench-b20260914070552-snapshot-chain.ashishkmr472.workers.dev/state?box=ab-snapshot-chain-b20260914070552&strategy=snapshot-chain - Ok @ 9/14/2026, 2:10:30 AM
SnapshotChainBox.devboxState - Ok @ 9/14/2026, 2:10:30 AM
GET https://kinu-devbox-bench-b20260914070552-snapshot-chain.ashishkmr472.workers.dev/state?box=ab-snapshot-chain-b20260914070552&strategy=snapshot-chain - Ok @ 9/14/2026, 2:10:30 AM
SnapshotChainBox.devboxState - Ok @ 9/14/2026, 2:10:30 AM
GET https://kinu-devbox-bench-b20260914070552-snapshot-chain.ashishkmr472.workers.dev/state?box=ab-snapshot-chain-b20260914070552&strategy=snapshot-chain - Ok @ 9/14/2026, 2:10:31 AM
SnapshotChainBox.devboxState - Ok @ 9/14/2026, 2:10:31 AM
GET https://kinu-devbox-bench-b20260914070552-snapshot-chain.ashishkmr472.workers.dev/state?box=ab-snapshot-chain-b20260914070552&strategy=snapshot-chain - Ok @ 9/14/2026, 2:10:31 AM
SnapshotChainBox.devboxState - Ok @ 9/14/2026, 2:10:31 AM
GET https://kinu-devbox-bench-b20260914070552-snapshot-chain.ashishkmr472.workers.dev/state?box=ab-snapshot-chain-b20260914070552&strategy=snapshot-chain - Ok @ 9/14/2026, 2:10:31 AM
SnapshotChainBox.devboxState - Ok @ 9/14/2026, 2:10:31 AM
GET https://kinu-devbox-bench-b20260914070552-snapshot-chain.ashishkmr472.workers.dev/state?box=ab-snapshot-chain-b20260914070552&strategy=snapshot-chain - Ok @ 9/14/2026, 2:10:31 AM
SnapshotChainBox.devboxState - Ok @ 9/14/2026, 2:10:31 AM
GET https://kinu-devbox-bench-b20260914070552-snapshot-chain.ashishkmr472.workers.dev/state?box=ab-snapshot-chain-b20260914070552&strategy=snapshot-chain - Ok @ 9/14/2026, 2:10:32 AM
SnapshotChainBox.devboxState - Ok @ 9/14/2026, 2:10:32 AM
GET https://kinu-devbox-bench-b20260914070552-snapshot-chain.ashishkmr472.workers.dev/state?box=ab-snapshot-chain-b20260914070552&strategy=snapshot-chain - Ok @ 9/14/2026, 2:10:32 AM
SnapshotChainBox.devboxState - Ok @ 9/14/2026, 2:10:32 AM
GET https://kinu-devbox-bench-b20260914070552-snapshot-chain.ashishkmr472.workers.dev/state?box=ab-snapshot-chain-b20260914070552&strategy=snapshot-chain - Ok @ 9/14/2026, 2:10:32 AM
SnapshotChainBox.devboxState - Ok @ 9/14/2026, 2:10:32 AM
GET https://kinu-devbox-bench-b20260914070552-snapshot-chain.ashishkmr472.workers.dev/state?box=ab-snapshot-chain-b20260914070552&strategy=snapshot-chain - Ok @ 9/14/2026, 2:10:33 AM
SnapshotChainBox.devboxState - Ok @ 9/14/2026, 2:10:33 AM
GET https://kinu-devbox-bench-b20260914070552-snapshot-chain.ashishkmr472.workers.dev/state?box=ab-snapshot-chain-b20260914070552&strategy=snapshot-chain - Ok @ 9/14/2026, 2:10:33 AM
SnapshotChainBox.devboxState - Ok @ 9/14/2026, 2:10:33 AM
GET https://kinu-devbox-bench-b20260914070552-snapshot-chain.ashishkmr472.workers.dev/state?box=ab-snapshot-chain-b20260914070552&strategy=snapshot-chain - Ok @ 9/14/2026, 2:10:33 AM
SnapshotChainBox.devboxState - Ok @ 9/14/2026, 2:10:33 AM
GET https://kinu-devbox-bench-b20260914070552-snapshot-chain.ashishkmr472.workers.dev/state?box=ab-snapshot-chain-b20260914070552&strategy=snapshot-chain - Ok @ 9/14/2026, 2:10:34 AM
SnapshotChainBox.devboxState - Ok @ 9/14/2026, 2:10:34 AM
GET https://kinu-devbox-bench-b20260914070552-snapshot-chain.ashishkmr472.workers.dev/state?box=ab-snapshot-chain-b20260914070552&strategy=snapshot-chain - Ok @ 9/14/2026, 2:10:34 AM
SnapshotChainBox.devboxState - Ok @ 9/14/2026, 2:10:34 AM
GET https://kinu-devbox-bench-b20260914070552-snapshot-chain.ashishkmr472.workers.dev/state?box=ab-snapshot-chain-b20260914070552&strategy=snapshot-chain - Ok @ 9/14/2026, 2:10:34 AM
SnapshotChainBox.devboxState - Ok @ 9/14/2026, 2:10:34 AM
GET https://kinu-devbox-bench-b20260914070552-snapshot-chain.ashishkmr472.workers.dev/state?box=ab-snapshot-chain-b20260914070552&strategy=snapshot-chain - Ok @ 9/14/2026, 2:10:35 AM
SnapshotChainBox.devboxState - Ok @ 9/14/2026, 2:10:35 AM
GET https://kinu-devbox-bench-b20260914070552-snapshot-chain.ashishkmr472.workers.dev/state?box=ab-snapshot-chain-b20260914070552&strategy=snapshot-chain - Ok @ 9/14/2026, 2:10:35 AM
SnapshotChainBox.devboxState - Ok @ 9/14/2026, 2:10:35 AM
GET https://kinu-devbox-bench-b20260914070552-snapshot-chain.ashishkmr472.workers.dev/state?box=ab-snapshot-chain-b20260914070552&strategy=snapshot-chain - Ok @ 9/14/2026, 2:10:35 AM
SnapshotChainBox.devboxState - Ok @ 9/14/2026, 2:10:35 AM
GET https://kinu-devbox-bench-b20260914070552-snapshot-chain.ashishkmr472.workers.dev/state?box=ab-snapshot-chain-b20260914070552&strategy=snapshot-chain - Ok @ 9/14/2026, 2:10:36 AM
SnapshotChainBox.devboxState - Ok @ 9/14/2026, 2:10:36 AM
GET https://kinu-devbox-bench-b20260914070552-snapshot-chain.ashishkmr472.workers.dev/state?box=ab-snapshot-chain-b20260914070552&strategy=snapshot-chain - Ok @ 9/14/2026, 2:10:36 AM
SnapshotChainBox.devboxState - Ok @ 9/14/2026, 2:10:36 AM
GET https://kinu-devbox-bench-b20260914070552-snapshot-chain.ashishkmr472.workers.dev/state?box=ab-snapshot-chain-b20260914070552&strategy=snapshot-chain - Ok @ 9/14/2026, 2:10:36 AM
SnapshotChainBox.devboxState - Ok @ 9/14/2026, 2:10:36 AM
GET https://kinu-devbox-bench-b20260914070552-snapshot-chain.ashishkmr472.workers.dev/state?box=ab-snapshot-chain-b20260914070552&strategy=snapshot-chain - Ok @ 9/14/2026, 2:10:37 AM
SnapshotChainBox.devboxState - Ok @ 9/14/2026, 2:10:37 AM
GET https://kinu-devbox-bench-b20260914070552-snapshot-chain.ashishkmr472.workers.dev/state?box=ab-snapshot-chain-b20260914070552&strategy=snapshot-chain - Ok @ 9/14/2026, 2:10:37 AM
SnapshotChainBox.devboxState - Ok @ 9/14/2026, 2:10:37 AM
GET https://kinu-devbox-bench-b20260914070552-snapshot-chain.ashishkmr472.workers.dev/state?box=ab-snapshot-chain-b20260914070552&strategy=snapshot-chain - Ok @ 9/14/2026, 2:10:37 AM
SnapshotChainBox.devboxState - Ok @ 9/14/2026, 2:10:37 AM
GET https://kinu-devbox-bench-b20260914070552-snapshot-chain.ashishkmr472.workers.dev/state?box=ab-snapshot-chain-b20260914070552&strategy=snapshot-chain - Ok @ 9/14/2026, 2:10:38 AM
SnapshotChainBox.devboxState - Ok @ 9/14/2026, 2:10:38 AM
GET https://kinu-devbox-bench-b20260914070552-snapshot-chain.ashishkmr472.workers.dev/state?box=ab-snapshot-chain-b20260914070552&strategy=snapshot-chain - Ok @ 9/14/2026, 2:10:38 AM
SnapshotChainBox.devboxState - Ok @ 9/14/2026, 2:10:38 AM
GET https://kinu-devbox-bench-b20260914070552-snapshot-chain.ashishkmr472.workers.dev/state?box=ab-snapshot-chain-b20260914070552&strategy=snapshot-chain - Ok @ 9/14/2026, 2:10:38 AM
SnapshotChainBox.devboxState - Ok @ 9/14/2026, 2:10:38 AM
GET https://kinu-devbox-bench-b20260914070552-snapshot-chain.ashishkmr472.workers.dev/state?box=ab-snapshot-chain-b20260914070552&strategy=snapshot-chain - Ok @ 9/14/2026, 2:10:38 AM
SnapshotChainBox.devboxState - Ok @ 9/14/2026, 2:10:38 AM
GET https://kinu-devbox-bench-b20260914070552-snapshot-chain.ashishkmr472.workers.dev/state?box=ab-snapshot-chain-b20260914070552&strategy=snapshot-chain - Ok @ 9/14/2026, 2:10:39 AM
SnapshotChainBox.devboxState - Ok @ 9/14/2026, 2:10:39 AM
GET https://kinu-devbox-bench-b20260914070552-snapshot-chain.ashishkmr472.workers.dev/state?box=ab-snapshot-chain-b20260914070552&strategy=snapshot-chain - Ok @ 9/14/2026, 2:10:39 AM
SnapshotChainBox.devboxState - Ok @ 9/14/2026, 2:10:39 AM
GET https://kinu-devbox-bench-b20260914070552-snapshot-chain.ashishkmr472.workers.dev/state?box=ab-snapshot-chain-b20260914070552&strategy=snapshot-chain - Ok @ 9/14/2026, 2:10:39 AM
SnapshotChainBox.devboxState - Ok @ 9/14/2026, 2:10:39 AM
GET https://kinu-devbox-bench-b20260914070552-snapshot-chain.ashishkmr472.workers.dev/state?box=ab-snapshot-chain-b20260914070552&strategy=snapshot-chain - Ok @ 9/14/2026, 2:10:40 AM
SnapshotChainBox.devboxState - Ok @ 9/14/2026, 2:10:40 AM
GET https://kinu-devbox-bench-b20260914070552-snapshot-chain.ashishkmr472.workers.dev/state?box=ab-snapshot-chain-b20260914070552&strategy=snapshot-chain - Ok @ 9/14/2026, 2:10:40 AM
SnapshotChainBox.devboxState - Ok @ 9/14/2026, 2:10:40 AM
GET https://kinu-devbox-bench-b20260914070552-snapshot-chain.ashishkmr472.workers.dev/state?box=ab-snapshot-chain-b20260914070552&strategy=snapshot-chain - Ok @ 9/14/2026, 2:10:40 AM
SnapshotChainBox.devboxState - Ok @ 9/14/2026, 2:10:40 AM
GET https://kinu-devbox-bench-b20260914070552-snapshot-chain.ashishkmr472.workers.dev/state?box=ab-snapshot-chain-b20260914070552&strategy=snapshot-chain - Ok @ 9/14/2026, 2:10:41 AM
SnapshotChainBox.devboxState - Ok @ 9/14/2026, 2:10:41 AM
GET https://kinu-devbox-bench-b20260914070552-snapshot-chain.ashishkmr472.workers.dev/state?box=ab-snapshot-chain-b20260914070552&strategy=snapshot-chain - Ok @ 9/14/2026, 2:10:41 AM
SnapshotChainBox.devboxState - Ok @ 9/14/2026, 2:10:41 AM
GET https://kinu-devbox-bench-b20260914070552-snapshot-chain.ashishkmr472.workers.dev/state?box=ab-snapshot-chain-b20260914070552&strategy=snapshot-chain - Ok @ 9/14/2026, 2:10:41 AM
SnapshotChainBox.devboxState - Ok @ 9/14/2026, 2:10:41 AM
GET https://kinu-devbox-bench-b20260914070552-snapshot-chain.ashishkmr472.workers.dev/state?box=ab-snapshot-chain-b20260914070552&strategy=snapshot-chain - Ok @ 9/14/2026, 2:10:42 AM
SnapshotChainBox.devboxState - Ok @ 9/14/2026, 2:10:42 AM
GET https://kinu-devbox-bench-b20260914070552-snapshot-chain.ashishkmr472.workers.dev/state?box=ab-snapshot-chain-b20260914070552&strategy=snapshot-chain - Ok @ 9/14/2026, 2:10:42 AM
SnapshotChainBox.devboxState - Ok @ 9/14/2026, 2:10:42 AM
GET https://kinu-devbox-bench-b20260914070552-snapshot-chain.ashishkmr472.workers.dev/state?box=ab-snapshot-chain-b20260914070552&strategy=snapshot-chain - Ok @ 9/14/2026, 2:10:42 AM
SnapshotChainBox.devboxState - Ok @ 9/14/2026, 2:10:42 AM
GET https://kinu-devbox-bench-b20260914070552-snapshot-chain.ashishkmr472.workers.dev/state?box=ab-snapshot-chain-b20260914070552&strategy=snapshot-chain - Ok @ 9/14/2026, 2:10:43 AM
SnapshotChainBox.devboxState - Ok @ 9/14/2026, 2:10:43 AM
GET https://kinu-devbox-bench-b20260914070552-snapshot-chain.ashishkmr472.workers.dev/state?box=ab-snapshot-chain-b20260914070552&strategy=snapshot-chain - Ok @ 9/14/2026, 2:10:43 AM
SnapshotChainBox.devboxState - Ok @ 9/14/2026, 2:10:43 AM
GET https://kinu-devbox-bench-b20260914070552-snapshot-chain.ashishkmr472.workers.dev/state?box=ab-snapshot-chain-b20260914070552&strategy=snapshot-chain - Ok @ 9/14/2026, 2:10:43 AM
SnapshotChainBox.devboxState - Ok @ 9/14/2026, 2:10:43 AM
GET https://kinu-devbox-bench-b20260914070552-snapshot-chain.ashishkmr472.workers.dev/state?box=ab-snapshot-chain-b20260914070552&strategy=snapshot-chain - Ok @ 9/14/2026, 2:10:43 AM
SnapshotChainBox.devboxState - Ok @ 9/14/2026, 2:10:43 AM
GET https://kinu-devbox-bench-b20260914070552-snapshot-chain.ashishkmr472.workers.dev/state?box=ab-snapshot-chain-b20260914070552&strategy=snapshot-chain - Ok @ 9/14/2026, 2:10:44 AM
SnapshotChainBox.devboxState - Ok @ 9/14/2026, 2:10:44 AM
GET https://kinu-devbox-bench-b20260914070552-snapshot-chain.ashishkmr472.workers.dev/state?box=ab-snapshot-chain-b20260914070552&strategy=snapshot-chain - Ok @ 9/14/2026, 2:10:44 AM
SnapshotChainBox.devboxState - Ok @ 9/14/2026, 2:10:44 AM
GET https://kinu-devbox-bench-b20260914070552-snapshot-chain.ashishkmr472.workers.dev/state?box=ab-snapshot-chain-b20260914070552&strategy=snapshot-chain - Ok @ 9/14/2026, 2:10:44 AM
SnapshotChainBox.devboxState - Ok @ 9/14/2026, 2:10:44 AM
GET https://kinu-devbox-bench-b20260914070552-snapshot-chain.ashishkmr472.workers.dev/state?box=ab-snapshot-chain-b20260914070552&strategy=snapshot-chain - Ok @ 9/14/2026, 2:10:45 AM
SnapshotChainBox.devboxState - Ok @ 9/14/2026, 2:10:45 AM
GET https://kinu-devbox-bench-b20260914070552-snapshot-chain.ashishkmr472.workers.dev/state?box=ab-snapshot-chain-b20260914070552&strategy=snapshot-chain - Ok @ 9/14/2026, 2:10:45 AM
SnapshotChainBox.devboxState - Ok @ 9/14/2026, 2:10:45 AM
GET https://kinu-devbox-bench-b20260914070552-snapshot-chain.ashishkmr472.workers.dev/state?box=ab-snapshot-chain-b20260914070552&strategy=snapshot-chain - Ok @ 9/14/2026, 2:10:45 AM
SnapshotChainBox.devboxState - Ok @ 9/14/2026, 2:10:45 AM
GET https://kinu-devbox-bench-b20260914070552-snapshot-chain.ashishkmr472.workers.dev/state?box=ab-snapshot-chain-b20260914070552&strategy=snapshot-chain - Ok @ 9/14/2026, 2:10:46 AM
SnapshotChainBox.devboxState - Ok @ 9/14/2026, 2:10:46 AM
GET https://kinu-devbox-bench-b20260914070552-snapshot-chain.ashishkmr472.workers.dev/state?box=ab-snapshot-chain-b20260914070552&strategy=snapshot-chain - Ok @ 9/14/2026, 2:10:46 AM
SnapshotChainBox.devboxState - Ok @ 9/14/2026, 2:10:46 AM
GET https://kinu-devbox-bench-b20260914070552-snapshot-chain.ashishkmr472.workers.dev/state?box=ab-snapshot-chain-b20260914070552&strategy=snapshot-chain - Ok @ 9/14/2026, 2:10:46 AM
SnapshotChainBox.devboxState - Ok @ 9/14/2026, 2:10:46 AM
GET https://kinu-devbox-bench-b20260914070552-snapshot-chain.ashishkmr472.workers.dev/state?box=ab-snapshot-chain-b20260914070552&strategy=snapshot-chain - Ok @ 9/14/2026, 2:10:47 AM
SnapshotChainBox.devboxState - Ok @ 9/14/2026, 2:10:47 AM
GET https://kinu-devbox-bench-b20260914070552-snapshot-chain.ashishkmr472.workers.dev/state?box=ab-snapshot-chain-b20260914070552&strategy=snapshot-chain - Ok @ 9/14/2026, 2:10:47 AM
SnapshotChainBox.devboxState - Ok @ 9/14/2026, 2:10:47 AM
GET https://kinu-devbox-bench-b20260914070552-snapshot-chain.ashishkmr472.workers.dev/state?box=ab-snapshot-chain-b20260914070552&strategy=snapshot-chain - Ok @ 9/14/2026, 2:10:47 AM
SnapshotChainBox.devboxState - Ok @ 9/14/2026, 2:10:47 AM
GET https://kinu-devbox-bench-b20260914070552-snapshot-chain.ashishkmr472.workers.dev/state?box=ab-snapshot-chain-b20260914070552&strategy=snapshot-chain - Ok @ 9/14/2026, 2:10:48 AM
SnapshotChainBox.devboxState - Ok @ 9/14/2026, 2:10:48 AM
GET https://kinu-devbox-bench-b20260914070552-snapshot-chain.ashishkmr472.workers.dev/state?box=ab-snapshot-chain-b20260914070552&strategy=snapshot-chain - Ok @ 9/14/2026, 2:10:48 AM
SnapshotChainBox.devboxState - Ok @ 9/14/2026, 2:10:48 AM
GET https://kinu-devbox-bench-b20260914070552-snapshot-chain.ashishkmr472.workers.dev/state?box=ab-snapshot-chain-b20260914070552&strategy=snapshot-chain - Ok @ 9/14/2026, 2:10:48 AM
SnapshotChainBox.devboxState - Ok @ 9/14/2026, 2:10:48 AM
GET https://kinu-devbox-bench-b20260914070552-snapshot-chain.ashishkmr472.workers.dev/state?box=ab-snapshot-chain-b20260914070552&strategy=snapshot-chain - Ok @ 9/14/2026, 2:10:49 AM
SnapshotChainBox.devboxState - Ok @ 9/14/2026, 2:10:49 AM
GET https://kinu-devbox-bench-b20260914070552-snapshot-chain.ashishkmr472.workers.dev/state?box=ab-snapshot-chain-b20260914070552&strategy=snapshot-chain - Ok @ 9/14/2026, 2:10:49 AM
SnapshotChainBox.devboxState - Ok @ 9/14/2026, 2:10:49 AM
GET https://kinu-devbox-bench-b20260914070552-snapshot-chain.ashishkmr472.workers.dev/state?box=ab-snapshot-chain-b20260914070552&strategy=snapshot-chain - Ok @ 9/14/2026, 2:10:49 AM
SnapshotChainBox.devboxState - Ok @ 9/14/2026, 2:10:49 AM
GET https://kinu-devbox-bench-b20260914070552-snapshot-chain.ashishkmr472.workers.dev/state?box=ab-snapshot-chain-b20260914070552&strategy=snapshot-chain - Ok @ 9/14/2026, 2:10:50 AM
SnapshotChainBox.devboxState - Ok @ 9/14/2026, 2:10:50 AM
GET https://kinu-devbox-bench-b20260914070552-snapshot-chain.ashishkmr472.workers.dev/state?box=ab-snapshot-chain-b20260914070552&strategy=snapshot-chain - Ok @ 9/14/2026, 2:10:50 AM
SnapshotChainBox.devboxState - Ok @ 9/14/2026, 2:10:50 AM
GET https://kinu-devbox-bench-b20260914070552-snapshot-chain.ashishkmr472.workers.dev/state?box=ab-snapshot-chain-b20260914070552&strategy=snapshot-chain - Ok @ 9/14/2026, 2:10:50 AM
SnapshotChainBox.devboxState - Ok @ 9/14/2026, 2:10:50 AM
GET https://kinu-devbox-bench-b20260914070552-snapshot-chain.ashishkmr472.workers.dev/state?box=ab-snapshot-chain-b20260914070552&strategy=snapshot-chain - Ok @ 9/14/2026, 2:10:50 AM
SnapshotChainBox.devboxState - Ok @ 9/14/2026, 2:10:50 AM
GET https://kinu-devbox-bench-b20260914070552-snapshot-chain.ashishkmr472.workers.dev/state?box=ab-snapshot-chain-b20260914070552&strategy=snapshot-chain - Ok @ 9/14/2026, 2:10:51 AM
SnapshotChainBox.devboxState - Ok @ 9/14/2026, 2:10:51 AM
GET https://kinu-devbox-bench-b20260914070552-snapshot-chain.ashishkmr472.workers.dev/state?box=ab-snapshot-chain-b20260914070552&strategy=snapshot-chain - Ok @ 9/14/2026, 2:10:51 AM
SnapshotChainBox.devboxState - Ok @ 9/14/2026, 2:10:51 AM
GET https://kinu-devbox-bench-b20260914070552-snapshot-chain.ashishkmr472.workers.dev/state?box=ab-snapshot-chain-b20260914070552&strategy=snapshot-chain - Ok @ 9/14/2026, 2:10:51 AM
SnapshotChainBox.devboxState - Ok @ 9/14/2026, 2:10:51 AM
GET https://kinu-devbox-bench-b20260914070552-snapshot-chain.ashishkmr472.workers.dev/state?box=ab-snapshot-chain-b20260914070552&strategy=snapshot-chain - Ok @ 9/14/2026, 2:10:52 AM
